guess,ev,max guesses,pass,time
abash,3.76415,5,0,165.20463
adobe,3.64665,5,0,21.91284
adorn,3.58920,5,0,50.11191
afoul,3.69330,5,0,204.99589
aider,3.57063,5,0,67.46533
aimed,3.62765,5,0,61.75309
album,3.69287,5,0,125.48729
allay,3.85140,5,0,753.13302
argue,3.62635,5,0,19.32220
arise,3.56328,5,0,44.26251
armor,3.71188,5,0,156.06663
atoll,3.69330,5,0,114.58952
auras,3.73477,5,0,87.50780
avows,3.77927,5,0,70.31645
aware,3.72095,5,0,31.92960
awash,3.79352,5,0,165.56751
baggy,3.87732,5,0,238.60174
bases,3.77235,5,0,21.15873
basis,3.78618,5,0,133.42536
bears,3.59654,5,0,13.02027
beast,3.56717,5,0,23.88996
began,3.66048,5,0,53.04241
belay,3.64536,5,0,74.32754
bells,3.74082,5,0,104.66196
bicep,3.65659,5,0,30.96504
bigot,3.66307,5,0,66.90939
biled,3.61987,5,0,39.66705
biome,3.63715,5,0,65.57742
bison,3.63585,5,0,114.94784
blare,3.55940,5,0,11.89586
bleat,3.57970,5,0,24.79473
blend,3.63931,5,0,65.31815
blitz,3.75680,5,0,172.05608
blurb,3.80907,5,0,212.62020
boney,3.65875,5,0,60.20032
books,3.83456,5,0,252.47552
borer,3.69114,5,0,65.85779
bough,3.72873,5,0,165.76925
boxer,3.73261,5,0,70.36086
brash,3.61296,5,0,20.90649
bravo,3.70281,5,0,39.54782
bride,3.58704,5,0,40.47014
bring,3.65961,5,0,99.86824
brook,3.79870,5,0,224.95469
bunch,3.69892,5,0,234.20893
burst,3.61210,5,0,48.77098
busts,3.81210,5,0,221.28875
cabby,3.83456,5,0,225.69443
cameo,3.61469,5,0,17.65922
canal,3.67041,5,0,173.43235
cares,3.55724,5,0,9.73884
cargo,3.61123,5,0,33.57623
casks,3.80562,5,0,124.39090
ceder,3.65011,5,0,50.11613
chain,3.60950,5,0,119.23193
cheap,3.65097,5,0,33.42184
chefs,3.71102,5,0,79.64939
chief,3.67819,5,0,37.38413
chime,3.62808,5,0,70.59521
chips,3.66825,5,0,107.42244
chock,3.85918,5,0,278.40875
citer,3.55551,5,0,15.56199
civic,4.02030,5,1,1378.06318
court,3.58099,5,0,45.74017
coyer,3.62419,5,0,23.79979
craft,3.58143,5,0,23.96367
crass,3.70454,5,0,47.40934
creed,3.65097,5,0,50.78084
crest,3.55983,5,0,12.52633
cried,3.56847,5,0,26.56085
crime,3.55767,5,0,24.84863
crock,3.78488,5,0,113.24990
crude,3.58790,5,0,26.72428
cryer,3.71663,5,0,63.19910
cupid,3.67343,5,0,142.71182
curse,3.56415,5,0,16.69456
curvy,3.74125,5,0,155.45072
daddy,3.97365,5,0,339.56793
decor,3.59482,5,0,28.27127
deeds,3.86393,5,0,180.45954
detox,3.75292,5,0,73.31548
dicey,3.65443,5,0,43.41470
diked,3.83110,5,0,175.38805
dingo,3.67430,5,0,203.31853
ditch,3.64363,5,0,109.38837
dived,3.83153,5,0,106.32303
dodgy,3.83413,5,0,364.46787
donor,3.68294,5,0,110.16394
doper,3.59654,5,0,30.77969
dopey,3.66177,5,0,36.27424
dorms,3.64665,5,0,66.72626
dotes,3.60605,5,0,14.36787
dough,3.72225,5,0,168.02684
drain,3.56760,5,0,55.54026
drape,3.54816,5,0,19.05173
draws,3.67257,5,0,17.41231
dress,3.75248,5,0,56.87331
drips,3.61901,5,0,62.90703
droll,3.69546,5,0,195.63764
duchy,3.74816,5,0,327.32079
dusts,3.80432,5,0,235.36765
eared,3.65788,5,0,40.13466
earns,3.58402,5,0,9.12441
eased,3.69676,5,0,43.87397
ebony,3.69158,5,0,115.64298
eerie,3.80302,5,0,218.28796
elude,3.69762,5,0,131.61421
ended,3.85961,5,0,116.01051
epoxy,3.83585,5,0,137.96523
ester,3.68207,5,0,24.72649
ether,3.71188,5,0,34.18353
ethos,3.67516,5,0,59.87501
every,3.84838,5,0,96.50336
exits,3.77408,5,0,125.65780
faint,3.60173,5,0,91.83188
fanny,3.81210,5,0,339.99061
fetid,3.65443,5,0,96.20803
fight,3.72786,5,0,124.36129
films,3.69633,5,0,193.14883
finer,3.61253,5,0,39.60989
firer,3.72570,5,0,136.45916
fixer,3.76587,5,0,152.21386
flail,3.75637,5,0,305.95403
flint,3.60734,5,0,136.84478
flour,3.66566,5,0,98.42192
fluid,3.69158,5,0,302.93191
foley,3.66307,5,0,100.65644
fools,3.74600,5,0,249.39657
forks,3.71015,5,0,119.39844
found,3.68683,5,0,219.63179
freed,3.71188,5,0,102.00706
fritz,3.75508,5,0,240.18203
fudgy,3.79741,5,0,276.27581
furor,3.76933,5,0,195.31306
futon,3.67343,5,0,151.00102
gaily,3.61771,5,0,121.73619
gangs,3.78618,5,0,157.94348
gauze,3.79266,5,0,110.06309
geeky,3.85140,5,0,240.13641
girth,3.64838,5,0,55.66335
gives,3.72181,5,0,46.68378
glass,3.72700,5,0,157.45485
glued,3.61555,5,0,56.66759
glues,3.63801,5,0,33.23089
gnash,3.64320,5,0,129.85729
goner,3.58445,5,0,36.39526
gooey,3.76933,5,0,154.38483
gorge,3.74125,5,0,126.39585
grain,3.58143,5,0,52.18411
graph,3.64838,5,0,28.86050
greed,3.69201,5,0,81.16405
gripe,3.58099,5,0,27.81695
groin,3.59309,5,0,131.48890
grows,3.68942,5,0,48.77690
guess,3.81382,5,0,182.69941
gumbo,3.78272,5,0,126.76948
gyoza,3.83801,5,0,447.83706
hazed,3.76933,5,0,38.90396
heads,3.63758,5,0,47.91352
heels,3.69158,5,0,127.91935
hexer,3.82678,5,0,71.37600
highs,3.83715,5,0,297.69791
hoist,3.57927,5,0,77.53523
hoked,3.71447,5,0,39.75614
holes,3.60864,5,0,22.73369
homed,3.66048,5,0,38.01100
honed,3.60778,5,0,34.17500
hooks,3.82376,5,0,280.99327
hoved,3.70972,5,0,40.91305
hovel,3.67171,5,0,39.05608
hover,3.67862,5,0,47.16447
human,3.69892,5,0,214.08223
hurry,3.79914,5,0,267.61209
hyena,3.71145,5,0,90.57633
icier,3.73045,5,0,77.21211
idiom,3.83585,5,0,486.46832
inept,3.63153,5,0,42.27349
ingot,3.65227,5,0,86.31348
inset,3.59179,5,0,12.89534
intro,3.62678,5,0,57.62748
irons,3.58618,5,0,93.31228
ivory,3.73909,5,0,143.64907
jetty,3.91317,5,0,184.43018
joins,3.73305,5,0,267.22506
joyed,3.78834,5,0,79.29591
juked,3.86695,5,0,106.81875
jumps,3.86782,5,0,159.53077
juror,3.86695,5,0,353.89464
kills,3.78531,5,0,325.17334
knave,3.73477,5,0,36.78382
knead,3.68855,5,0,48.23358
kneed,3.77624,5,0,63.93318
knelt,3.66307,5,0,44.13906
knobs,3.74039,5,0,111.54315
label,3.71793,5,0,30.09731
labor,3.59525,5,0,27.74326
lacks,3.67905,5,0,58.70261
lamps,3.65227,5,0,43.35832
lased,3.59395,5,0,12.50651
lasts,3.71361,5,0,116.58555
leant,3.52916,5,0,22.80770
lease,3.62981,5,0,45.73628
lefty,3.69460,5,0,131.91524
liens,3.60605,5,0,55.80878
liken,3.65875,5,0,49.38140
lilac,3.73564,5,0,229.89732
livid,3.82721,5,0,292.80652
loops,3.73434,5,0,142.98431
loses,3.72441,5,0,62.53338
lover,3.66177,5,0,40.33878
lowed,3.64665,5,0,38.98861
lucky,3.76458,5,0,234.00443
lured,3.59827,5,0,29.32006
lurer,3.71102,5,0,49.54326
luted,3.58834,5,0,24.17183
lying,3.68294,5,0,218.33161
mains,3.61987,5,0,71.75030
malls,3.72009,5,0,151.95054
manic,3.65745,5,0,95.76201
march,3.62894,5,0,42.15601
marry,3.74600,5,0,71.05793
mated,3.60994,5,0,14.15653
mater,3.57495,5,0,11.71628
matey,3.64320,5,0,16.55947
mauve,3.73089,5,0,50.98855
maybe,3.68553,5,0,28.77146
mazer,3.74989,5,0,33.29800
meant,3.56933,5,0,23.92404
mecca,3.79006,5,0,111.94370
melon,3.60950,5,0,65.17805
merit,3.57538,5,0,18.27155
messy,3.81382,5,0,191.00198
milky,3.73823,5,0,456.03593
mixer,3.72743,5,0,177.15573
model,3.59870,5,0,73.59796
moldy,3.65745,5,0,249.64639
moper,3.60821,5,0,30.90236
moral,3.58790,5,0,55.39061
morse,3.56285,5,0,32.64392
motel,3.56890,5,0,20.41484
motor,3.69114,5,0,84.99858
mound,3.67171,5,0,223.89574
mover,3.68423,5,0,59.77328
mucky,3.80691,5,0,216.28459
mured,3.61382,5,0,61.71440
muser,3.62419,5,0,33.34926
musty,3.69503,5,0,191.85403
naive,3.65702,5,0,30.05751
names,3.62505,5,0,10.16991
nanny,3.92743,5,0,427.21049
niter,3.56674,5,0,19.43101
nixed,3.75680,5,0,101.42059
nomad,3.65918,5,0,100.34387
nosed,3.61425,5,0,19.32343
nosey,3.63326,5,0,25.83658
nudes,3.64320,5,0,36.11821
nukes,3.70929,5,0,51.31232
nylon,3.78963,5,0,461.50908
oiler,3.59914,5,0,43.20648
ombre,3.66393,5,0,36.08662
onset,3.58056,5,0,10.46281
oohed,3.76199,5,0,91.72171
opera,3.66782,5,0,18.13182
opium,3.75205,5,0,140.82422
outdo,3.79438,5,0,327.86670
pagan,3.76242,5,0,151.92382
panda,3.74514,5,0,137.76375
party,3.59482,5,0,30.18709
paths,3.65356,5,0,49.99253
pause,3.60648,5,0,39.28915
payer,3.62592,5,0,20.90448
pearl,3.55680,5,0,19.09969
pecan,3.60562,5,0,38.61447
penny,3.78963,5,0,136.22498
photo,3.77883,5,0,165.80132
piles,3.58963,5,0,23.59462
pined,3.60043,5,0,33.44453
pinto,3.63629,5,0,80.38968
piper,3.72181,5,0,93.21299
pixie,3.89417,5,0,278.96220
plume,3.63283,5,0,54.17749
plump,3.82246,5,0,226.91790
porer,3.67559,5,0,52.46341
poser,3.58013,5,0,12.46300
posse,3.71836,5,0,79.21991
pouts,3.62592,5,0,68.54553
poxed,3.75508,5,0,64.38484
prima,3.63153,5,0,61.15031
prism,3.61814,5,0,49.00006
prone,3.56285,5,0,18.26429
proof,3.78056,5,0,178.58270
pulls,3.76458,5,0,256.03291
purge,3.63542,5,0,36.69091
purse,3.58704,5,0,18.28239
pushy,3.71793,5,0,257.77940
qualm,3.79914,5,0,262.55791
quell,3.92613,5,0,377.27245
quite,3.75853,5,0,161.51963
quoth,3.80605,5,0,432.40564
raspy,3.63024,5,0,28.45981
raven,3.62808,5,0,19.85450
rayed,3.60691,5,0,20.00022
razed,3.71102,5,0,23.36191
reads,3.57149,5,0,10.93254
reaps,3.58704,5,0,10.02814
rearm,3.70756,5,0,40.87596
recur,3.73045,5,0,69.39811
reked,3.73564,5,0,97.83530
rerun,3.71749,5,0,77.17457
rewed,3.71058,5,0,54.99390
rider,3.67041,5,0,132.09004
ripen,3.56674,5,0,23.43903
risen,3.56458,5,0,11.79001
riser,3.69546,5,0,74.05080
rival,3.66566,5,0,40.25743
river,3.75940,5,0,140.29163
rooms,3.73780,5,0,164.48056
roved,3.66911,5,0,54.35179
rower,3.75076,5,0,78.44169
ruled,3.59222,5,0,27.50598
ruler,3.70626,5,0,48.81850
runed,3.58143,5,0,35.06651
rupee,3.67300,5,0,61.75668
saber,3.57322,5,0,10.33420
sadly,3.61771,5,0,98.67544
salon,3.54816,5,0,40.33596
salve,3.61469,5,0,11.80145
salvo,3.67559,5,0,29.43861
samba,3.77451,5,0,114.71103
sated,3.56760,5,0,11.20330
sauce,3.58661,5,0,46.86493
saute,3.54860,5,0,25.12061
savor,3.63888,5,0,22.80675
savvy,3.86220,5,0,144.79042
scary,3.62246,5,0,41.60668
scoff,3.82289,5,0,196.47296
seams,3.74816,5,0,115.69602
seize,3.79741,5,0,161.11678
sepia,3.62592,5,0,39.11704
serve,3.71447,5,0,62.96890
sexes,3.95378,5,0,176.38227
shave,3.66436,5,0,25.10400
sheep,3.71317,5,0,41.56921
shelf,3.67257,5,0,80.09555
ships,3.76156,5,0,278.47152
shove,3.69719,5,0,95.01085
shred,3.60259,5,0,11.42078
shrub,3.68769,5,0,128.98039
shyly,3.83413,5,0,331.16351
silva,3.67084,5,0,68.04180
since,3.55680,5,0,36.20849
sinew,3.62635,5,0,32.01600
sinks,3.78575,5,0,314.68473
sizer,3.71274,5,0,72.66595
skied,3.66868,5,0,72.05494
skiff,3.89935,5,0,312.74240
skull,3.79006,5,0,318.98566
sleet,3.60778,5,0,21.20889
slice,3.53866,5,0,22.00915
slide,3.56933,5,0,52.50253
slink,3.62160,5,0,121.96069
slope,3.54903,5,0,20.01971
sloth,3.58575,5,0,76.71826
slung,3.64881,5,0,196.42281
slyly,3.98013,5,1,1425.24597
spars,3.71922,5,0,68.78013
sperm,3.64363,5,0,21.47966
spied,3.60130,5,0,25.12150
spies,3.75464,5,0,74.96757
spits,3.73564,5,0,208.65449
sprig,3.63758,5,0,55.67658
squat,3.74816,5,0,191.04187
stall,3.67257,5,0,115.50811
steal,3.56458,5,0,28.54437
steep,3.69071,5,0,33.03663
steps,3.77279,5,0,82.80196
stiff,3.81728,5,0,363.24136
strip,3.57365,5,0,37.82010
stuff,3.85443,5,0,285.49773
sulky,3.70842,5,0,227.34375
swamp,3.71058,5,0,40.33417
swash,3.81771,5,0,164.79347
swipe,3.66566,5,0,57.16540
swoon,3.76415,5,0,180.62743
table,3.54644,5,0,10.92879
taboo,3.74471,5,0,92.01311
tails,3.54514,5,0,39.54432
takes,3.65227,5,0,11.28390
tamed,3.59698,5,0,13.94234
tamer,3.57019,5,0,12.74849
tango,3.62808,5,0,42.73899
tarot,3.65961,5,0,45.76254
taser,3.53564,5,0,15.93723
taste,3.66091,5,0,28.14091
taunt,3.70497,5,0,178.75726
tempt,3.75551,5,0,60.53912
tenth,3.73477,5,0,117.01019
there,3.64276,5,0,28.08845
theta,3.74903,5,0,72.11358
thorn,3.58618,5,0,46.56636
three,3.63153,5,0,36.18394
thumb,3.73434,5,0,159.52013
tipsy,3.62549,5,0,90.44558
toast,3.67171,5,0,52.81323
toled,3.55940,5,0,18.70788
tonal,3.55983,5,0,31.15513
tonic,3.60778,5,0,57.68378
topic,3.64579,5,0,49.36183
torus,3.59093,5,0,29.90095
toter,3.66609,5,0,19.79916
tours,3.59266,5,0,39.11863
towns,3.64536,5,0,58.21410
tract,3.64449,5,0,41.35756
trans,3.54687,5,0,13.43252
trays,3.61512,5,0,19.17591
trend,3.58056,5,0,11.88829
trice,3.51533,5,0,13.00346
tried,3.55940,5,0,24.83345
trite,3.63758,5,0,29.77380
trued,3.57667,5,0,22.17965
trunk,3.66955,5,0,75.44213
tuber,3.61339,5,0,19.15793
tumor,3.61253,5,0,51.85074
twang,3.68510,5,0,58.36173
twice,3.62549,5,0,33.20369
twins,3.65961,5,0,84.98628
tyres,3.61037,5,0,9.76096
ulcer,3.61166,5,0,24.32965
umber,3.69676,5,0,34.00338
umped,3.70454,5,0,33.31310
uncut,3.78834,5,0,316.75771
unset,3.60864,5,0,16.98778
untie,3.61771,5,0,56.54161
unwed,3.72138,5,0,45.08688
upend,3.67905,5,0,124.02764
urged,3.64406,5,0,58.10166
users,3.81469,5,0,71.67552
vaded,3.82981,5,0,43.06253
value,3.68207,5,0,41.58434
vapor,3.67387,5,0,35.56102
veers,3.77408,5,0,74.25767
verge,3.74903,5,0,94.20016
vicar,3.66911,5,0,44.80084
vigor,3.70799,5,0,130.53143
visas,3.84968,5,0,197.69622
voila,3.69417,5,0,155.88071
waged,3.69417,5,0,21.90203
waist,3.59784,5,0,46.70385
waive,3.73521,5,0,43.05874
wants,3.64492,5,0,47.65045
waste,3.61728,5,0,13.40449
watts,3.76976,5,0,99.61746
weeps,3.78747,5,0,81.24649
welsh,3.67948,5,0,74.89641
wheat,3.68769,5,0,28.84028
where,3.73866,5,0,53.85580
whirl,3.67430,5,0,120.81546
whose,3.67041,5,0,51.63648
wider,3.63456,5,0,51.23745
widow,3.87041,5,0,331.06768
wired,3.63326,5,0,49.35435
witty,3.81901,5,0,273.54092
worth,3.68164,5,0,47.62578
woven,3.73650,5,0,46.97773
wrack,3.70929,5,0,36.09001
wreak,3.72397,5,0,29.17517
wrier,3.72657,5,0,99.77242
yahoo,3.83888,5,0,382.61646
aback,3.84320,5,0,156.09854
admin,3.67343,5,0,192.84384
agony,3.66609,5,0,147.70047
ailed,3.57019,5,0,70.55501
alarm,3.70756,5,0,107.97945
alike,3.62030,5,0,57.96496
allow,3.77754,5,0,198.73767
amber,3.65184,5,0,21.23763
amble,3.62981,5,0,28.26257
amend,3.64147,5,0,45.01753
amino,3.67257,5,0,171.68789
anime,3.61339,5,0,30.50820
annul,3.77063,5,0,390.56668
asked,3.71577,5,0,17.14250
askew,3.76156,5,0,21.56675
asset,3.71577,5,0,16.40672
atoms,3.64708,5,0,35.43989
auger,3.63844,5,0,32.99424
aunty,3.64795,5,0,172.67533
awake,3.84708,5,0,81.41777
awoke,3.73434,5,0,33.89450
axled,3.72700,5,0,50.41573
babes,3.79006,5,0,21.27240
backs,3.72570,5,0,70.56434
bakes,3.71836,5,0,18.18667
balls,3.72138,5,0,120.11522
banks,3.71231,5,0,61.47559
based,3.63585,5,0,14.59920
basic,3.66652,5,0,50.15787
bates,3.61555,5,0,9.19515
bathe,3.62592,5,0,14.14869
batty,3.75853,5,0,187.51504
belch,3.67387,5,0,72.34022
belts,3.60994,5,0,31.46839
berry,3.74514,5,0,67.44519
bider,3.60130,5,0,47.58102
bikes,3.72225,5,0,56.18614
binge,3.65097,5,0,71.72486
birth,3.64492,5,0,54.08679
bitty,3.78834,5,0,258.03874
blond,3.60605,5,0,84.27572
blunt,3.62808,5,0,140.35089
bolts,3.61685,5,0,47.81038
boner,3.58488,5,0,24.52429
bones,3.61814,5,0,19.73230
boobs,3.93305,5,0,354.35413
botch,3.66350,5,0,86.81458
bound,3.66263,5,0,174.09615
brats,3.59222,5,0,16.91187
break,3.68337,5,0,27.01886
brief,3.64536,5,0,51.95885
brink,3.67257,5,0,113.78489
brush,3.66177,5,0,57.43553
build,3.66048,5,0,204.67521
bunny,3.86004,5,0,486.48466
cabin,3.62246,5,0,79.10719
cafes,3.64708,5,0,18.96437
cager,3.58618,5,0,17.80989
cagey,3.67127,5,0,22.03914
caked,3.66652,5,0,20.92336
calls,3.69158,5,0,138.06032
caper,3.57322,5,0,15.10555
caput,3.60648,5,0,78.56610
carte,3.51015,5,0,7.31481
cased,3.60389,5,0,15.10412
cases,3.73089,5,0,22.92958
catty,3.73564,5,0,225.26216
charm,3.62981,5,0,39.84964
chats,3.60086,5,0,64.77052
chest,3.60302,5,0,53.79738
chide,3.61987,5,0,85.99813
china,3.64665,5,0,132.66576
choir,3.60691,5,0,61.56910
chore,3.55983,5,0,34.53359
chose,3.59870,5,0,53.91114
cider,3.58877,5,0,37.92061
cigar,3.61728,5,0,36.41247
circa,3.74384,5,0,120.18694
clamp,3.62635,5,0,56.49092
clank,3.63801,5,0,73.15613
class,3.70238,5,0,139.45571
cloak,3.64881,5,0,61.96655
clone,3.53045,5,0,21.65688
clots,3.58013,5,0,46.47670
clove,3.62851,5,0,39.08921
clubs,3.67603,5,0,120.29848
cobra,3.62160,5,0,38.30258
cocoa,3.89978,5,0,407.62981
cones,3.56242,5,0,15.96127
coney,3.61123,5,0,49.48181
cooed,3.70281,5,0,68.60062
coped,3.61987,5,0,28.76604
cords,3.61296,5,0,20.91993
corer,3.65400,5,0,49.81969
corps,3.59654,5,0,29.52168
cough,3.71706,5,0,148.08241
crash,3.59093,5,0,20.69301
craze,3.67559,5,0,25.58383
credo,3.59914,5,0,26.65856
crepe,3.63629,5,0,45.93986
crier,3.66566,5,0,56.78150
crone,3.53175,5,0,24.38089
cross,3.71749,5,0,101.15076
crump,3.65097,5,0,68.01894
cured,3.59438,5,0,28.33892
cures,3.59827,5,0,18.68918
curio,3.64449,5,0,60.22833
curry,3.75594,5,0,169.50147
cyber,3.66263,5,0,27.13631
cynic,3.82765,5,0,453.72387
delve,3.74644,5,0,80.43255
depth,3.66091,5,0,47.88476
diary,3.62981,5,0,114.00041
dilly,3.76760,5,0,603.28135
doggo,3.95119,5,0,422.96280
doped,3.75940,5,0,65.10667
dorky,3.70713,5,0,198.11627
dozen,3.72657,5,0,64.62881
draft,3.61296,5,0,30.05422
drama,3.73348,5,0,83.77612
drift,3.63067,5,0,86.60869
droit,3.57279,5,0,77.36899
dross,3.73564,5,0,130.33835
dryer,3.73737,5,0,96.98933
duets,3.63888,5,0,66.19310
dummy,3.91922,5,0,463.72552
easel,3.64363,5,0,32.91597
ebbed,3.91231,5,0,87.78964
edify,3.74946,5,0,310.93074
ember,3.74600,5,0,66.45829
enact,3.58013,5,0,34.67096
enema,3.76587,5,0,69.82851
entry,3.64795,5,0,18.27234
equal,3.81598,5,0,184.71299
ethic,3.70626,5,0,77.43689
evict,3.70281,5,0,44.53375
exams,3.81512,5,0,78.66773
extra,3.75637,5,0,19.64706
fable,3.64838,5,0,30.88768
facer,3.62289,5,0,20.17102
faded,3.79611,5,0,28.37889
fairs,3.63585,5,0,47.56423
fakes,3.72873,5,0,19.22907
false,3.58920,5,0,26.56209
farce,3.57754,5,0,16.61214
farms,3.67041,5,0,42.88464
faxed,3.79352,5,0,28.22019
fazed,3.79611,5,0,31.55048
feast,3.58099,5,0,55.91682
feeds,3.76976,5,0,122.31839
fence,3.71274,5,0,52.59938
fetus,3.69849,5,0,93.09737
filer,3.61987,5,0,45.34307
files,3.63240,5,0,49.42533
filly,3.82030,5,0,796.97974
flick,3.73175,5,0,126.32142
floor,3.72916,5,0,191.32415
fluke,3.71102,5,0,88.56383
flush,3.69460,5,0,258.15300
folly,3.78704,5,0,610.50018
freer,3.81296,5,0,97.13307
frisk,3.69978,5,0,130.53123
frost,3.59093,5,0,37.26048
froze,3.74212,5,0,122.77116
fuels,3.67905,5,0,113.73588
funds,3.71922,5,0,225.35714
fused,3.69762,5,0,36.94941
fussy,3.86825,5,0,448.69155
gaunt,3.61857,5,0,97.22339
gazed,3.76760,5,0,33.71605
gecko,3.74644,5,0,50.33703
genie,3.69676,5,0,78.94892
ghoul,3.68553,5,0,218.49178
glare,3.56544,5,0,12.84317
glaze,3.71145,5,0,43.03036
glide,3.60605,5,0,83.29751
glory,3.63110,5,0,111.69739
gnome,3.63888,5,0,51.70886
going,3.79395,5,0,323.26746
grabs,3.66263,5,0,19.60558
grace,3.57624,5,0,14.84653
grade,3.59611,5,0,18.24646
graft,3.61166,5,0,27.56545
grams,3.64838,5,0,22.99869
grand,3.58790,5,0,36.61974
graze,3.72700,5,0,36.34466
grill,3.71231,5,0,261.32129
guard,3.64881,5,0,43.16593
guild,3.66739,5,0,251.42215
gusty,3.70929,5,0,183.72181
haiku,3.76501,5,0,150.26846
harem,3.62419,5,0,18.72393
harry,3.75378,5,0,58.35624
hated,3.61901,5,0,12.04372
hates,3.62721,5,0,8.54378
haunt,3.61555,5,0,92.52718
hears,3.59784,5,0,18.35771
heave,3.78661,5,0,59.80499
hello,3.74168,5,0,259.03785
hippy,3.85443,5,0,351.96053
homes,3.65875,5,0,30.29991
honey,3.65400,5,0,64.54674
hoops,3.76717,5,0,195.90396
hotly,3.66177,5,0,143.14282
howdy,3.76199,5,0,170.07507
hunky,3.78747,5,0,396.69188
hyped,3.71404,5,0,30.82477
icily,3.81037,5,0,413.51737
impel,3.66004,5,0,37.02343
inbox,3.82333,5,0,326.99461
islet,3.59827,5,0,14.49923
issue,3.82246,5,0,214.75779
jibed,3.78186,5,0,54.60404
jimmy,3.99784,5,0,720.68040
junto,3.78488,5,0,268.95138
keyed,3.80734,5,0,142.21725
kinds,3.71879,5,0,141.45832
kinky,3.89374,5,0,484.42167
laced,3.59957,5,0,17.72134
laces,3.58143,5,0,12.23526
ladle,3.68898,5,0,50.38185
lance,3.52225,5,0,13.19978
lapel,3.69762,5,0,27.79343
lasso,3.73477,5,0,85.28361
layup,3.66091,5,0,158.24708
lemur,3.63499,5,0,31.18567
leper,3.65486,5,0,39.42165
liege,3.67991,5,0,154.31335
limit,3.73952,5,0,253.37467
local,3.72397,5,0,101.80278
logic,3.66048,5,0,92.23719
loner,3.57235,5,0,17.12167
loony,3.72225,5,0,378.71756
lulls,3.96328,5,1,1627.01494
miner,3.58099,5,0,38.02382
minim,3.94471,5,0,579.75439
momma,3.98877,5,0,489.49979
mount,3.63024,5,0,120.73640
mouth,3.67473,5,0,162.00296
mumps,3.87473,5,0,199.30690
mused,3.66091,5,0,36.78839
music,3.69287,5,0,170.06133
myths,3.75205,5,0,161.09874
navel,3.65616,5,0,23.65207
neigh,3.66955,5,0,139.48114
niece,3.66955,5,0,74.41776
ninth,3.77408,5,0,314.27259
north,3.61555,5,0,28.90863
noted,3.59482,5,0,20.00278
novel,3.65961,5,0,43.15356
numbs,3.75248,5,0,159.44782
oater,3.57711,5,0,8.71430
obese,3.74557,5,0,64.60839
octal,3.60605,5,0,44.44223
odors,3.75464,5,0,195.30194
ogler,3.63542,5,0,37.62755
okays,3.76760,5,0,136.83140
opals,3.61771,5,0,32.62512
opens,3.65961,5,0,43.53377
opted,3.63888,5,0,22.31368
orbed,3.62333,5,0,32.12081
order,3.70842,5,0,110.61000
outer,3.60173,5,0,21.81558
ovate,3.66739,5,0,18.39088
ovens,3.72527,5,0,66.31087
owned,3.67775,5,0,38.49234
owner,3.66177,5,0,29.35095
ozone,3.85918,5,0,198.98350
paint,3.56890,5,0,58.36687
palsy,3.59741,5,0,76.36654
paper,3.74298,5,0,33.05395
parka,3.77235,5,0,77.12250
patio,3.63585,5,0,65.33559
paver,3.67516,5,0,23.47331
peaks,3.67041,5,0,50.90880
penis,3.61339,5,0,70.05284
pests,3.75421,5,0,94.26724
picks,3.71749,5,0,117.05917
piker,3.66134,5,0,62.96644
pines,3.59222,5,0,21.04720
pinky,3.71922,5,0,191.66749
place,3.54212,5,0,16.38008
plain,3.56890,5,0,73.57753
plate,3.52570,5,0,14.54234
plays,3.63283,5,0,83.30564
plots,3.58315,5,0,49.79447
plumb,3.72397,5,0,107.97716
poesy,3.65270,5,0,45.57895
poker,3.65011,5,0,34.94442
poled,3.57797,5,0,33.35133
pooch,3.77495,5,0,178.61876
posts,3.74860,5,0,138.90600
prawn,3.63456,5,0,27.83131
pride,3.56112,5,0,41.83323
primp,3.76890,5,0,187.52736
proxy,3.76112,5,0,143.82586
pumps,3.86523,5,0,199.19334
puree,3.66220,5,0,78.26347
putty,3.80864,5,0,301.75953
quart,3.73607,5,0,80.69415
queen,3.87559,5,0,179.98632
quest,3.75594,5,0,146.34229
quips,3.83931,5,0,305.45376
quote,3.76803,5,0,109.66174
rabbi,3.79438,5,0,56.25244
raced,3.57235,5,0,15.74742
races,3.56847,5,0,7.40155
racks,3.66825,5,0,29.89204
radii,3.73866,5,0,89.00568
rails,3.55940,5,0,12.50152
rainy,3.59136,5,0,45.18641
ralph,3.61555,5,0,24.21120
ramps,3.64579,5,0,23.50587
randy,3.63326,5,0,39.19503
raped,3.58704,5,0,13.72697
rased,3.56458,5,0,6.48534
rated,3.55551,5,0,10.46657
rates,3.55551,5,0,6.30124
ratty,3.70367,5,0,62.06273
reach,3.58834,5,0,14.33689
ready,3.62030,5,0,28.94189
rebus,3.66609,5,0,22.44255
recon,3.58834,5,0,21.95219
reels,3.66048,5,0,31.87248
rehab,3.65054,5,0,18.03339
reiki,3.80821,5,0,196.55826
rhino,3.62160,5,0,90.99198
right,3.65227,5,0,49.20396
rings,3.62549,5,0,71.21208
risks,3.80734,5,0,211.11938
rodeo,3.70410,5,0,110.99984
roper,3.68985,5,0,52.71636
round,3.60950,5,0,140.83128
rugby,3.73132,5,0,154.87268
rusts,3.74428,5,0,130.42060
salad,3.69244,5,0,128.66687
sandy,3.64104,5,0,96.98274
satin,3.54471,5,0,55.35310
saved,3.67300,5,0,11.51086
saves,3.80259,5,0,42.79243
sawer,3.60518,5,0,11.41596
scald,3.61339,5,0,54.98494
scams,3.75767,5,0,138.23692
scone,3.55724,5,0,27.49445
score,3.55680,5,0,12.25164
scorn,3.57840,5,0,37.74635
scowl,3.67516,5,0,61.46270
scrum,3.64320,5,0,90.88900
seeds,3.83931,5,0,181.27716
sends,3.74644,5,0,124.36486
sewer,3.70454,5,0,40.53277
shaft,3.63499,5,0,74.67352
shape,3.59741,5,0,28.92730
share,3.56371,5,0,29.48738
shark,3.65832,5,0,38.36151
sheen,3.66350,5,0,48.86068
shied,3.61166,5,0,27.85103
shine,3.57667,5,0,68.07975
shirk,3.65702,5,0,111.15189
shoot,3.68898,5,0,188.76048
shows,3.83326,5,0,251.78299
sides,3.72095,5,0,86.69456
sight,3.63326,5,0,90.20995
signs,3.76285,5,0,271.20255
sired,3.57192,5,0,31.66067
sited,3.58315,5,0,12.32393
sites,3.70065,5,0,32.58901
sixth,3.74773,5,0,200.54341
sizes,3.87775,5,0,154.95330
skill,3.75162,5,0,317.46860
skunk,3.85832,5,0,356.94998
slime,3.56156,5,0,42.70060
slips,3.71404,5,0,215.41131
slump,3.65184,5,0,96.00788
sluts,3.73866,5,0,258.22830
smelt,3.58963,5,0,35.29033
smite,3.57495,5,0,24.48980
smoke,3.68337,5,0,108.71442
snafu,3.69071,5,0,127.95525
snare,3.52441,5,0,13.78568
snark,3.64104,5,0,25.29555
sneak,3.65875,5,0,34.23121
sniff,3.80864,5,0,352.21060
solar,3.55594,5,0,18.29037
soled,3.57106,5,0,21.70611
solve,3.65184,5,0,44.92788
sonic,3.60389,5,0,79.19056
sorer,3.65486,5,0,56.36180
sorts,3.68553,5,0,63.73043
sound,3.61901,5,0,188.24013
space,3.55896,5,0,16.84633
spank,3.67127,5,0,63.86053
spear,3.57840,5,0,15.72396
speck,3.71836,5,0,46.50675
spent,3.59957,5,0,36.80502
spiel,3.57322,5,0,19.83285
spilt,3.55464,5,0,56.53980
spire,3.55896,5,0,18.46901
splat,3.58013,5,0,37.27402
spoke,3.67257,5,0,39.48234
spoof,3.78359,5,0,147.23741
spurn,3.62851,5,0,113.10924
staff,3.79698,5,0,149.89919
stars,3.70756,5,0,50.59409
stays,3.78272,5,0,209.50020
stint,3.68164,5,0,231.88348
stork,3.63672,5,0,69.65652
stove,3.64795,5,0,20.38991
stray,3.60907,5,0,27.38503
stuck,3.70367,5,0,114.07692
stung,3.67300,5,0,141.44234
sugar,3.62592,5,0,24.86338
suits,3.74039,5,0,318.04910
sweep,3.76458,5,0,43.64723
swift,3.69719,5,0,79.86477
swing,3.68596,5,0,104.90244
sword,3.67257,5,0,39.29902
swore,3.60259,5,0,18.54659
swung,3.73693,5,0,116.20330
tacit,3.69114,5,0,154.22320
tanks,3.64752,5,0,56.81132
tarry,3.68078,5,0,41.50910
tater,3.66393,5,0,32.27329
tawny,3.67171,5,0,92.42177
tease,3.60518,5,0,23.37754
teeny,3.68726,5,0,105.92414
tenor,3.55594,5,0,16.43372
tents,3.70842,5,0,85.85819
thank,3.65875,5,0,83.90750
thigh,3.82246,5,0,196.31705
tides,3.59568,5,0,12.96368
tiers,3.57106,5,0,9.69930
tight,3.79222,5,0,202.00122
toked,3.67646,5,0,22.23089
tommy,3.81685,5,0,303.64302
trail,3.52786,5,0,26.31266
traps,3.56069,5,0,18.19996
treat,3.67948,5,0,22.00677
triad,3.57451,5,0,31.88222
tripe,3.54730,5,0,14.34386
trope,3.54212,5,0,14.53711
trout,3.69806,5,0,130.09810
tuned,3.58834,5,0,22.63718
tunic,3.63499,5,0,180.00807
typed,3.67343,5,0,21.56782
types,3.66004,5,0,13.90733
ultra,3.60907,5,0,37.71131
umbra,3.73348,5,0,64.06922
undid,3.83240,5,0,571.98762
urine,3.58618,5,0,56.55616
using,3.72829,5,0,240.81770
verbs,3.72527,5,0,21.30928
verve,3.90108,5,0,121.41298
viler,3.66004,5,0,31.07041
vines,3.67689,5,0,39.21050
viper,3.66393,5,0,43.90839
virus,3.72397,5,0,106.07388
vista,3.69978,5,0,51.10567
vixen,3.81339,5,0,104.71097
voted,3.68467,5,0,24.50860
vowed,3.75076,5,0,49.04023
vying,3.78143,5,0,193.30656
watch,3.68639,5,0,67.46219
weary,3.66566,5,0,22.55150
weeds,3.77495,5,0,88.66590
welch,3.68596,5,0,59.69092
wharf,3.73564,5,0,63.32835
while,3.65529,5,0,77.80516
white,3.65659,5,0,41.33705
whoop,3.85054,5,0,208.05862
wiled,3.64449,5,0,53.75248
wilts,3.65313,5,0,77.82558
winch,3.71145,5,0,147.20767
wirer,3.73261,5,0,100.77582
woman,3.70540,5,0,85.08512
words,3.68121,5,0,37.66452
world,3.65961,5,0,52.82683
wormy,3.71749,5,0,141.16658
wraps,3.66782,5,0,21.84816
wrath,3.64060,5,0,26.68173
wreck,3.73261,5,0,49.23695
wrote,3.61037,5,0,15.38870
wryly,3.85875,5,0,163.78464
yoked,3.74730,5,0,120.90620
zippy,3.98229,5,0,556.43150
abase,3.73477,5,0,44.82699
abuse,3.66393,5,0,29.34788
acorn,3.57927,5,0,30.23595
actor,3.58531,5,0,20.99891
adapt,3.70713,5,0,107.20946
afoot,3.75421,5,0,125.17775
agora,3.76156,5,0,177.31344
aired,3.56760,5,0,55.03297
alibi,3.78143,5,0,222.69280
along,3.61037,5,0,105.67153
amaze,3.87991,5,0,109.24890
amiss,3.78143,5,0,271.66030
apart,3.67430,5,0,57.29676
apple,3.72743,5,0,55.03164
apter,3.57235,5,0,20.38934
areas,3.69417,5,0,30.31411
argus,3.66134,5,0,34.75186
armer,3.70929,5,0,58.55731
artsy,3.60000,5,0,22.26609
ashed,3.67214,5,0,22.08896
ashen,3.64060,5,0,11.74433
ashes,3.80173,5,0,34.07022
aspen,3.60259,5,0,13.74322
aster,3.57322,5,0,16.15036
atone,3.56112,5,0,9.23118
attic,3.74384,5,0,181.75059
avoid,3.73564,5,0,175.40594
azure,3.74687,5,0,34.44365
baaed,3.72570,5,0,26.67840
bacon,3.64838,5,0,55.08216
baked,3.71188,5,0,28.03490
baled,3.61339,5,0,24.30257
bands,3.67127,5,0,56.06497
bangs,3.68294,5,0,73.97164
barer,3.70065,5,0,26.53683
basal,3.71749,5,0,112.93633
bayed,3.67257,5,0,26.11377
beady,3.66825,5,0,78.77409
beget,3.71663,5,0,29.92040
being,3.67732,5,0,108.91331
bench,3.66652,5,0,92.12808
biddy,3.84536,5,0,387.00749
bliss,3.74557,5,0,219.70597
board,3.59136,5,0,30.34665
bobby,4.02937,5,0,721.34429
brace,3.57451,5,0,14.51391
braid,3.61728,5,0,51.07256
brave,3.65788,5,0,21.99985
breed,3.68510,5,0,57.27379
brine,3.56674,5,0,25.18320
brisk,3.66220,5,0,79.53490
broth,3.61771,5,0,42.02928
bucks,3.76501,5,0,160.01706
bulls,3.78877,5,0,260.86699
bused,3.67516,5,0,21.66873
buses,3.80907,5,0,49.71388
butte,3.73866,5,0,69.18751
buxom,3.87171,5,0,313.39221
cakes,3.66955,5,0,16.45094
calms,3.60562,5,0,71.77162
caned,3.56933,5,0,16.24162
canes,3.55940,5,0,11.21795
canoe,3.55594,5,0,12.79467
canon,3.72613,5,0,123.76016
carve,3.61210,5,0,23.40203
casts,3.72700,5,0,130.30366
cello,3.71447,5,0,96.34868
chaos,3.61987,5,0,71.64677
check,3.89546,5,0,91.16027
chico,3.81166,5,0,364.31209
chump,3.73693,5,0,122.91548
cited,3.60518,5,0,24.24268
cites,3.58143,5,0,15.74180
civil,3.80821,5,0,233.02481
cleat,3.54860,5,0,30.54573
cliff,3.81339,5,0,321.09436
coast,3.54903,5,0,17.06461
coats,3.57754,5,0,22.63016
cocks,3.83283,5,0,165.93341
colic,3.74773,5,0,231.57389
condo,3.73045,5,0,225.36297
corky,3.70022,5,0,72.85009
count,3.58790,5,0,91.93346
covey,3.71231,5,0,35.96069
crank,3.62462,5,0,28.64194
crave,3.62462,5,0,22.36578
creak,3.64276,5,0,20.68721
creep,3.65054,5,0,50.68218
crews,3.67559,5,0,24.46807
cries,3.56501,5,0,16.89705
croak,3.63369,5,0,38.18127
crook,3.75464,5,0,108.80376
crumb,3.68467,5,0,78.08165
curer,3.69417,5,0,66.60192
curls,3.61857,5,0,76.76537
curve,3.66652,5,0,53.34943
cusps,3.80864,5,0,230.24976
dance,3.55594,5,0,21.39699
dared,3.71058,5,0,24.88480
darts,3.58531,5,0,18.64686
datum,3.66134,5,0,71.70487
death,3.60648,5,0,30.99307
debut,3.67041,5,0,84.43503
deign,3.62894,5,0,149.69438
depot,3.63801,5,0,37.68653
devon,3.69071,5,0,106.88534
digit,3.76803,5,0,231.89162
dirge,3.58488,5,0,70.98054
dirty,3.64190,5,0,141.26129
ditto,3.74125,5,0,203.55147
doggy,3.84406,5,0,356.52035
dooms,3.76587,5,0,228.09270
downs,3.66825,5,0,61.29699
doxed,3.87948,5,0,183.80581
dream,3.61944,5,0,39.56557
drill,3.69374,5,0,268.13851
dryly,3.80950,5,0,218.64186
dumpy,3.74298,5,0,166.45795
dusty,3.70972,5,0,174.90160
eager,3.69460,5,0,50.54696
early,3.61296,5,0,19.27913
eases,3.82678,5,0,67.51960
edger,3.72916,5,0,83.02717
egged,3.91836,5,0,129.75037
elbow,3.71965,5,0,54.69330
elegy,3.75853,5,0,201.14160
enemy,3.80259,5,0,188.75003
erred,3.76415,5,0,118.95084
euros,3.65140,5,0,23.97288
event,3.78402,5,0,63.95398
exert,3.81641,5,0,55.17917
expel,3.85616,5,0,105.33769
fails,3.62851,5,0,81.46027
famed,3.68294,5,0,21.90994
fared,3.62592,5,0,29.05805
fatty,3.79525,5,0,276.53863
ferry,3.76458,5,0,133.80518
filed,3.64449,5,0,97.32250
fills,3.78359,5,0,360.03956
fists,3.79309,5,0,374.59966
flaws,3.70713,5,0,62.24962
flesh,3.67646,5,0,78.53851
float,3.60648,5,0,66.91917
flora,3.63283,5,0,88.80486
flows,3.71015,5,0,102.82583
flunk,3.73693,5,0,229.63446
folds,3.66695,5,0,105.37486
foods,3.80605,5,0,239.97641
forgo,3.79914,5,0,198.48019
fours,3.67257,5,0,122.89868
frank,3.68207,5,0,33.16351
freak,3.69719,5,0,39.65140
fresh,3.65140,5,0,42.21069
frill,3.74773,5,0,330.47680
fully,3.84449,5,0,631.37990
gamed,3.65702,5,0,21.98058
gamer,3.63801,5,0,21.60512
gamut,3.66652,5,0,93.69264
gauge,3.80821,5,0,110.89065
gawky,3.82635,5,0,127.67499
genus,3.68553,5,0,113.36674
gifts,3.70497,5,0,138.54414
gizmo,3.83715,5,0,374.49997
golem,3.63024,5,0,57.24859
goody,3.81253,5,0,346.53575
grasp,3.61771,5,0,16.12046
great,3.58272,5,0,16.52069
green,3.67300,5,0,59.14287
grind,3.60302,5,0,144.43391
growl,3.67214,5,0,68.17354
grump,3.71058,5,0,76.39751
guilt,3.61944,5,0,155.66643
guppy,3.88942,5,0,323.91351
handy,3.68121,5,0,187.12516
haven,3.68769,5,0,25.66112
hawks,3.77451,5,0,90.79980
hefty,3.73607,5,0,115.14798
hewer,3.74557,5,0,52.93099
hides,3.63672,5,0,29.41597
hiked,3.71015,5,0,47.96834
hilly,3.78747,5,0,584.75266
hoper,3.60907,5,0,23.18000
hoppy,3.84579,5,0,288.79747
humps,3.75983,5,0,149.84243
hunts,3.64665,5,0,205.92388
hussy,3.87603,5,0,575.52443
image,3.66782,5,0,42.32433
imply,3.71361,5,0,136.54010
inert,3.59438,5,0,15.62555
infos,3.69978,5,0,195.38099
isles,3.76717,5,0,89.41402
jaded,3.89503,5,0,47.86740
jawed,3.81123,5,0,27.49745
jeans,3.73175,5,0,60.70935
jewel,3.87905,5,0,90.09842
jiver,3.80086,5,0,98.37751
joint,3.71533,5,0,192.79631
jokey,3.87171,5,0,136.50137
juicy,3.82549,5,0,507.94258
keeps,3.80173,5,0,122.03570
kiddo,3.87559,5,0,470.85831
knees,3.76501,5,0,56.11671
knoll,3.78359,5,0,286.86454
later,3.55119,5,0,13.62082
latte,3.66220,5,0,16.02309
laver,3.65400,5,0,19.75154
laxed,3.72181,5,0,36.66282
leaks,3.64320,5,0,51.25906
leash,3.59179,5,0,43.46496
legal,3.71749,5,0,138.83935
lifer,3.62462,5,0,44.60314
liker,3.65702,5,0,54.63019
limbs,3.67862,5,0,106.46042
lions,3.58445,5,0,118.32399
llama,3.85486,5,0,344.90141
loose,3.66911,5,0,78.73509
loser,3.57754,5,0,13.77697
lotus,3.62678,5,0,78.92354
loves,3.68553,5,0,33.96638
lower,3.64924,5,0,23.42914
lubed,3.63369,5,0,33.64870
luged,3.63110,5,0,56.42457
lumpy,3.72397,5,0,182.86938
lures,3.60562,5,0,14.10140
lurid,3.64320,5,0,127.77219
macaw,3.82808,5,0,144.59116
maize,3.73650,5,0,93.43186
maned,3.59741,5,0,20.61774
manga,3.78661,5,0,174.97973
manor,3.57581,5,0,25.23427
maple,3.58747,5,0,19.55369
maria,3.72916,5,0,80.09204
mason,3.62549,5,0,41.09989
mates,3.61944,5,0,7.94785
maths,3.66393,5,0,74.56582
mazed,3.76415,5,0,33.24124
means,3.60562,5,0,37.45033
meaty,3.63844,5,0,49.99368
meets,3.71447,5,0,88.93142
mercy,3.64449,5,0,34.60695
merge,3.69028,5,0,95.75377
metre,3.64795,5,0,27.08328
micro,3.63844,5,0,62.27604
mikes,3.71102,5,0,102.60105
mince,3.59611,5,0,54.96732
mined,3.61771,5,0,47.79641
mines,3.61210,5,0,25.76321
mints,3.62505,5,0,90.17277
mirth,3.64579,5,0,68.38604
miser,3.60130,5,0,41.06556
miter,3.58661,5,0,18.31434
mixed,3.77106,5,0,152.90270
mocha,3.70497,5,0,84.00704
modem,3.77408,5,0,132.32848
money,3.64233,5,0,59.88130
month,3.65788,5,0,104.60513
moose,3.71577,5,0,129.26403
motif,3.68423,5,0,86.11014
moult,3.60562,5,0,147.44830
mourn,3.61685,5,0,173.90163
mucus,3.85184,5,0,258.99280
mushy,3.74082,5,0,355.61780
needs,3.72181,5,0,106.81843
newly,3.72613,5,0,112.90493
ninja,3.93564,5,0,606.31123
obeys,3.75983,5,0,82.79567
oddly,3.82851,5,0,543.76352
otter,3.70886,5,0,23.25215
ounce,3.61771,5,0,94.59483
overt,3.69417,5,0,17.71872
ovoid,3.84924,5,0,352.82533
paled,3.57970,5,0,19.26474
palms,3.62808,5,0,43.78347
panty,3.61382,5,0,84.59797
parse,3.52786,5,0,9.33863
parts,3.56544,5,0,22.48817
pasty,3.62289,5,0,73.46640
paved,3.69935,5,0,20.21178
paves,3.69201,5,0,17.75997
peace,3.66220,5,0,34.25767
peers,3.68467,5,0,38.53337
perch,3.63369,5,0,29.96872
pesky,3.74730,5,0,98.55014
phone,3.61037,5,0,46.24644
picky,3.75853,5,0,171.74604
piney,3.62851,5,0,41.47899
piped,3.76199,5,0,84.56252
pithy,3.68251,5,0,135.80978
plank,3.65184,5,0,84.67351
pleat,3.54903,5,0,30.99872
plops,3.75637,5,0,153.32467
poems,3.67171,5,0,32.22175
poets,3.59525,5,0,20.91509
poked,3.69935,5,0,54.38200
polyp,3.79870,5,0,264.70922
pouty,3.68726,5,0,113.68067
pried,3.55637,5,0,49.89069
prior,3.70583,5,0,141.30899
prowl,3.65788,5,0,47.64379
psalm,3.64406,5,0,47.74949
puked,3.72311,5,0,44.74023
pulpy,3.85054,5,0,375.28430
quack,3.86091,5,0,236.34799
quash,3.80389,5,0,312.92376
quiet,3.75162,5,0,77.00559
quilt,3.75335,5,0,456.51877
rabid,3.61598,5,0,32.91950
racer,3.67559,5,0,28.03120
radar,3.79957,5,0,61.73774
radon,3.56760,5,0,23.94531
raged,3.59525,5,0,17.41727
rages,3.59525,5,0,8.92575
rains,3.57322,5,0,16.52948
rajah,3.86048,5,0,109.97508
ranks,3.65184,5,0,21.51961
rarer,3.83629,5,0,66.25060
rayon,3.60475,5,0,37.28838
realm,3.58099,5,0,14.72358
rebar,3.70713,5,0,30.16114
recap,3.61210,5,0,16.18642
reded,3.79222,5,0,109.90992
remit,3.59525,5,0,16.74683
rents,3.60259,5,0,6.21254
repay,3.64017,5,0,19.49442
reply,3.62462,5,0,23.24646
rests,3.73045,5,0,19.76335
retry,3.72527,5,0,30.89468
revue,3.77840,5,0,107.42512
rifle,3.60043,5,0,38.57231
rigid,3.77106,5,0,247.02061
roast,3.51533,5,0,10.83300
robin,3.61080,5,0,79.06284
rolls,3.72052,5,0,101.62168
ropes,3.59050,5,0,13.62747
rouge,3.63888,5,0,49.40558
rouse,3.57451,5,0,17.95947
rover,3.77063,5,0,114.31092
ruins,3.60778,5,0,124.44750
rural,3.72268,5,0,66.14633
safer,3.59914,5,0,16.11577
saggy,3.80950,5,0,211.81447
santo,3.57192,5,0,46.31124
sassy,3.94341,5,0,340.39455
scoop,3.74255,5,0,108.93090
scrap,3.60259,5,0,23.45966
scrub,3.67171,5,0,74.77554
sedan,3.58402,5,0,28.56931
seedy,3.74514,5,0,161.60790
semen,3.67689,5,0,36.76091
sense,3.79006,5,0,74.92198
sewed,3.73002,5,0,37.92577
shack,3.68251,5,0,69.25454
shame,3.60302,5,0,23.99966
shank,3.66307,5,0,92.11563
shear,3.58790,5,0,19.02056
sheet,3.65054,5,0,26.04158
sheik,3.68467,5,0,113.71521
shirt,3.56112,5,0,74.16420
shone,3.57538,5,0,67.10663
shorn,3.58143,5,0,96.35845
shout,3.61555,5,0,154.47943
shuns,3.77322,5,0,547.83078
singe,3.59870,5,0,62.51676
siren,3.55421,5,0,16.11314
sissy,3.97624,5,1,2160.58544
snuck,3.69374,5,0,161.40741
soils,3.69330,5,0,252.72713
sooty,3.72441,5,0,451.92889
spelt,3.57538,5,0,29.22309
spicy,3.65184,5,0,101.65683
spite,3.55896,5,0,29.60601
split,3.56976,5,0,60.17771
spool,3.70799,5,0,140.71261
spunk,3.71188,5,0,167.51448
stain,3.56026,5,0,58.79400
stand,3.59050,5,0,46.06907
start,3.66609,5,0,48.08961
stead,3.61685,5,0,25.56041
steam,3.61857,5,0,26.02757
steer,3.65313,5,0,29.66790
stems,3.79179,5,0,94.68330
still,3.68380,5,0,287.79104
story,3.60518,5,0,93.51647
studs,3.80648,5,0,261.40950
suing,3.65702,5,0,218.33520
surer,3.68423,5,0,55.14206
swarm,3.66695,5,0,34.35093
swath,3.64665,5,0,60.01819
swell,3.76587,5,0,89.28654
swine,3.63715,5,0,48.03053
swish,3.82419,5,0,299.80271
taffy,3.83758,5,0,274.75506
taxis,3.72657,5,0,91.99229
teeth,3.82030,5,0,189.84321
their,3.59525,5,0,19.14600
these,3.66436,5,0,30.92938
thief,3.65529,5,0,25.95671
think,3.68121,5,0,145.36558
tibia,3.78920,5,0,144.31108
titan,3.70281,5,0,175.22439
tones,3.57322,5,0,9.90124
tooth,3.86091,5,0,400.15417
truck,3.67084,5,0,53.84485
truth,3.73952,5,0,94.79762
turns,3.59654,5,0,78.39913
tweet,3.85011,5,0,59.72345
twist,3.75637,5,0,163.37562
under,3.62160,5,0,62.98937
unify,3.76199,5,0,574.84522
usher,3.68898,5,0,26.59610
utter,3.74989,5,0,29.46500
vague,3.73823,5,0,45.89213
valve,3.81253,5,0,65.90293
vaunt,3.68337,5,0,58.70117
vents,3.68164,5,0,32.45788
verse,3.71274,5,0,62.97057
vials,3.64708,5,0,53.99253
vigil,3.86652,5,0,286.01981
vocal,3.68337,5,0,58.31702
volts,3.67041,5,0,55.14407
votes,3.67559,5,0,15.69208
vowel,3.72916,5,0,48.35549
wacky,3.80173,5,0,120.95271
walls,3.75853,5,0,132.61554
waxer,3.78315,5,0,33.31240
weedy,3.80734,5,0,143.56821
whats,3.68553,5,0,60.63505
whiff,3.93693,5,0,369.66202
willy,3.80432,5,0,419.84752
woozy,3.99568,5,0,535.68329
yours,3.67041,5,0,129.87448
zonal,3.71620,5,0,132.99950
abbey,3.82203,5,0,49.58328
abyss,3.83715,5,0,229.43121
agate,3.71361,5,0,29.20500
agers,3.62117,5,0,9.59713
agile,3.58186,5,0,40.52808
agree,3.69158,5,0,46.46844
ahold,3.61425,5,0,113.33557
aioli,3.76371,5,0,330.17866
aloud,3.63672,5,0,184.69087
amity,3.66868,5,0,179.31180
annex,3.88596,5,0,70.86154
antsy,3.63585,5,0,98.23769
apply,3.79395,5,0,283.52466
atlas,3.69719,5,0,126.41270
autos,3.63758,5,0,85.91459
await,3.74298,5,0,149.89017
axiom,3.82505,5,0,445.68556
bawdy,3.75637,5,0,75.82249
beats,3.61123,5,0,25.82577
begat,3.64147,5,0,29.66412
begun,3.70410,5,0,134.59739
benny,3.80302,5,0,161.41234
bills,3.73780,5,0,228.63458
blaze,3.72181,5,0,40.22421
bless,3.75983,5,0,71.06088
bloat,3.57322,5,0,38.90953
blogs,3.66825,5,0,73.02814
bluer,3.60432,5,0,22.47022
blues,3.62592,5,0,24.75487
blurt,3.61469,5,0,68.02584
boded,3.76112,5,0,68.51322
bonds,3.66695,5,0,79.37757
bonus,3.67343,5,0,157.03214
booty,3.78618,5,0,305.97938
bowed,3.68769,5,0,42.03890
bower,3.66048,5,0,35.83926
boxes,3.78661,5,0,55.98442
brand,3.59438,5,0,34.08930
brawl,3.67948,5,0,29.41459
bribe,3.72484,5,0,79.02729
brock,3.69330,5,0,69.59700
brown,3.66479,5,0,67.60282
buggy,3.91533,5,0,377.60790
burps,3.69978,5,0,78.54634
butch,3.70410,5,0,154.88430
bylaw,3.74168,5,0,120.54488
cache,3.74816,5,0,51.58780
cadet,3.57106,5,0,10.31009
caged,3.63844,5,0,18.96345
cages,3.63672,5,0,11.95914
cairn,3.53434,5,0,56.53866
camel,3.57927,5,0,17.16949
camps,3.64536,5,0,46.91846
caner,3.53218,5,0,14.51779
canny,3.76328,5,0,255.54265
cease,3.64795,5,0,23.84196
ceded,3.81685,5,0,79.25962
chalk,3.68683,5,0,83.56777
chase,3.58661,5,0,24.66057
cheer,3.67948,5,0,51.48922
chevy,3.77235,5,0,81.30087
chill,3.74039,5,0,320.75062
chunk,3.73650,5,0,227.50228
clams,3.60648,5,0,69.19397
claps,3.59006,5,0,46.96035
claws,3.65011,5,0,57.71106
cleft,3.62160,5,0,41.01112
clink,3.65054,5,0,113.39087
cloth,3.61080,5,0,81.98473
clown,3.65313,5,0,79.37249
clump,3.68812,5,0,101.18907
cocos,3.87646,5,0,338.33903
conch,3.76890,5,0,313.46097
costs,3.73823,5,0,103.22736
covet,3.65400,5,0,21.80755
coyly,3.78531,5,0,253.59085
croup,3.61944,5,0,76.75811
crush,3.62765,5,0,54.18230
cuffs,3.86566,5,0,315.61230
cycle,3.77451,5,0,53.01684
daisy,3.62246,5,0,77.14695
dandy,3.79957,5,0,236.70119
decoy,3.66523,5,0,105.11633
demos,3.66609,5,0,59.22463
dents,3.61469,5,0,36.45479
devil,3.68380,5,0,109.89626
diker,3.65270,5,0,118.48084
dined,3.72657,5,0,110.02520
direr,3.65616,5,0,131.71851
discs,3.77624,5,0,219.59539
docks,3.72397,5,0,75.28974
dogma,3.69676,5,0,143.70596
dolly,3.75810,5,0,463.97651
dowry,3.69849,5,0,80.48371
dozer,3.72829,5,0,104.94905
drawl,3.63110,5,0,33.25222
dried,3.69762,5,0,149.71117
droop,3.73477,5,0,144.63435
drunk,3.67905,5,0,150.54961
duked,3.85702,5,0,119.56343
dunce,3.62203,5,0,73.34835
dusky,3.77495,5,0,198.71838
dying,3.70022,5,0,256.76688
egger,3.86998,5,0,131.03050
elect,3.65788,5,0,57.99316
elide,3.66911,5,0,189.64661
enjoy,3.82289,5,0,279.28221
ethyl,3.73564,5,0,72.66542
evoke,3.86825,5,0,174.42819
faces,3.65702,5,0,20.30649
fades,3.66350,5,0,20.98719
fairy,3.66393,5,0,112.48614
fates,3.64104,5,0,12.40427
fauna,3.79914,5,0,284.87229
fetal,3.62030,5,0,69.49407
ficus,3.72397,5,0,228.84760
finch,3.68639,5,0,210.76284
firms,3.67646,5,0,141.80076
fizzy,4.07516,5,1,2713.21723
games,3.64881,5,0,18.11579
gaper,3.62030,5,0,19.11534
gases,3.75335,5,0,25.46391
gated,3.61425,5,0,12.53341
gater,3.57970,5,0,10.95475
gates,3.61598,5,0,7.74119
gaudy,3.70842,5,0,162.36617
gazer,3.75896,5,0,34.29913
genes,3.70626,5,0,43.54987
genre,3.66220,5,0,57.41061
ghost,3.63197,5,0,61.69195
gipsy,3.68596,5,0,114.01540
giver,3.68121,5,0,79.06176
glean,3.60346,5,0,43.02698
glint,3.60130,5,0,113.94686
gluer,3.60000,5,0,32.67717
glyph,3.73607,5,0,172.40620
goods,3.78488,5,0,159.38444
gored,3.60864,5,0,66.37219
gowns,3.69287,5,0,76.24147
grail,3.58618,5,0,47.35038
grape,3.59179,5,0,14.79092
grave,3.66955,5,0,24.56939
greet,3.65313,5,0,30.88447
grime,3.60043,5,0,66.27393
groan,3.58186,5,0,66.94035
group,3.66263,5,0,85.14403
gruel,3.60907,5,0,33.64426
guava,3.87387,5,0,235.60413
gusto,3.67646,5,0,80.93618
gypsy,3.87603,5,0,188.77325
halls,3.72009,5,0,206.12224
hater,3.57667,5,0,13.46628
haute,3.61901,5,0,27.38321
havoc,3.74039,5,0,60.20670
heard,3.60000,5,0,43.71447
heist,3.56631,5,0,65.76215
herbs,3.66652,5,0,20.64374
heron,3.59827,5,0,37.17455
hicks,3.73693,5,0,128.25488
hints,3.61728,5,0,139.47644
hiver,3.67905,5,0,48.95458
hoard,3.59568,5,0,43.24000
hobby,3.88164,5,0,416.23597
horse,3.56674,5,0,15.90259
hosed,3.63542,5,0,20.72208
hosts,3.75464,5,0,194.62382
humor,3.67171,5,0,91.10702
hunch,3.82937,5,0,468.22745
icons,3.63197,5,0,109.15497
idled,3.77063,5,0,148.13347
igloo,3.80043,5,0,402.28624
inlay,3.65702,5,0,184.00312
ivied,3.84665,5,0,104.29308
jelly,3.92441,5,0,330.37804
joked,3.83801,5,0,96.15932
jolly,3.88985,5,0,721.36268
khaki,3.90540,5,0,284.23285
kiter,3.65659,5,0,17.57356
kitty,3.84536,5,0,284.54536
knots,3.67473,5,0,72.14901
kudos,3.75983,5,0,170.40688
larva,3.78229,5,0,77.03295
laxer,3.71188,5,0,30.77847
leafy,3.67127,5,0,141.52982
lemon,3.61253,5,0,65.59175
licks,3.68855,5,0,105.14164
likes,3.67603,5,0,63.39804
lined,3.57149,5,0,43.80778
lines,3.59309,5,0,27.13753
lipid,3.76847,5,0,269.37050
lofty,3.68985,5,0,299.64664
lousy,3.64579,5,0,204.55911
lumen,3.62851,5,0,48.77375
lunch,3.66436,5,0,242.16654
lyric,3.66479,5,0,117.30552
madly,3.65313,5,0,133.38611
makes,3.70842,5,0,19.37484
mammy,4.00605,5,0,484.83589
mealy,3.62894,5,0,88.03428
medic,3.66868,5,0,93.15629
merer,3.76717,5,0,163.73670
midst,3.62765,5,0,77.42652
miles,3.60346,5,0,36.35097
mimed,3.77927,5,0,155.88179
minor,3.60130,5,0,78.04546
mired,3.58531,5,0,96.94602
mists,3.77754,5,0,307.46319
mogul,3.67473,5,0,191.83841
moody,3.79611,5,0,505.29473
mouse,3.63844,5,0,70.28254
movie,3.71317,5,0,93.83675
mummy,4.00907,6,5,13077.27462
south,3.62894,5,0,133.56415
speak,3.69503,5,0,42.56984
spell,3.72484,5,0,81.27566
spine,3.58402,5,0,50.63660
spiny,3.62462,5,0,142.34697
spore,3.57408,5,0,12.90250
spots,3.74168,5,0,145.92313
squid,3.80648,5,0,362.77945
stern,3.57235,5,0,9.18479
stich,3.62376,5,0,97.91496
stock,3.67343,5,0,59.70320
stoke,3.63153,5,0,42.44240
stony,3.62894,5,0,114.61941
store,3.53045,5,0,13.26975
storm,3.60086,5,0,61.31067
stout,3.72095,5,0,253.45582
suave,3.69071,5,0,35.25089
suede,3.69935,5,0,122.35018
sumac,3.65529,5,0,110.34180
sured,3.59309,5,0,26.37876
sushi,3.82462,5,0,602.90931
taken,3.64060,5,0,13.00417
tales,3.54341,5,0,10.01606
talon,3.54903,5,0,42.88497
taped,3.60821,5,0,14.10140
tapes,3.58186,5,0,8.77942
tardy,3.60086,5,0,36.74231
tarts,3.67171,5,0,44.87786
tatty,3.89460,5,0,363.29216
theme,3.70886,5,0,33.43592
thick,3.70583,5,0,105.03564
those,3.56587,5,0,32.65314
throw,3.67905,5,0,50.69938
tidal,3.58920,5,0,67.92837
tiler,3.55810,5,0,18.89430
timed,3.60907,5,0,24.45559
tippy,3.79654,5,0,255.34902
toped,3.61425,5,0,19.80157
torah,3.57797,5,0,26.15155
torch,3.59525,5,0,38.03321
toted,3.69719,5,0,31.95661
towed,3.65788,5,0,22.30549
tower,3.61944,5,0,16.31200
toyed,3.62462,5,0,22.78475
trace,3.49849,5,0,9.09173
track,3.60432,5,0,27.54801
trade,3.52786,5,0,12.55703
trait,3.63801,5,0,62.91189
trial,3.54082,5,0,29.28159
trims,3.59222,5,0,32.81287
trove,3.62419,5,0,18.83528
truly,3.63542,5,0,51.55750
tryst,3.73434,5,0,52.43592
tummy,3.85184,5,0,357.09812
unfed,3.70583,5,0,53.41678
union,3.81857,5,0,584.64353
utile,3.59136,5,0,31.10501
valet,3.61728,5,0,14.29715
valid,3.67948,5,0,64.50862
vapid,3.71793,5,0,52.65814
vegas,3.73261,5,0,35.78281
veiny,3.71361,5,0,175.14902
villa,3.81814,5,0,297.01831
voice,3.64924,5,0,67.28131
voter,3.64881,5,0,17.59173
vouch,3.75508,5,0,252.65872
water,3.61253,5,0,13.58755
waver,3.72441,5,0,29.75327
waxed,3.80130,5,0,30.61678
weave,3.81987,5,0,65.44711
weigh,3.72268,5,0,89.38523
whack,3.77495,5,0,81.37222
whine,3.66393,5,0,82.76527
whole,3.65011,5,0,48.67689
whore,3.65270,5,0,39.89869
wicks,3.76674,5,0,110.87099
wight,3.74255,5,0,101.82394
wince,3.63672,5,0,64.26294
winds,3.69935,5,0,105.87341
wings,3.70454,5,0,112.72926
woken,3.73823,5,0,55.66779
woody,3.82721,5,0,276.00124
wowed,3.82030,5,0,86.90047
wrist,3.59870,5,0,38.42219
wryer,3.79050,5,0,73.25957
yards,3.67084,5,0,38.17168
yearn,3.59309,5,0,35.95428
yield,3.66307,5,0,180.91181
zoned,3.72613,5,0,65.15733
zones,3.72484,5,0,32.94258
abate,3.70454,5,0,33.38763
abode,3.63758,5,0,22.25269
ached,3.68423,5,0,19.99355
acres,3.58920,5,0,11.87404
acrid,3.62073,5,0,58.97271
adder,3.73348,5,0,54.38422
adult,3.61382,5,0,96.47238
agent,3.61469,5,0,26.59270
aging,3.81339,5,0,322.26442
align,3.60821,5,0,147.64599
aloha,3.73693,5,0,271.74553
among,3.69244,5,0,86.42226
anger,3.59827,5,0,23.24172
anglo,3.63974,5,0,112.34939
aorta,3.68294,5,0,39.59134
aping,3.67430,5,0,104.43736
ardor,3.70151,5,0,123.02480
arson,3.55680,5,0,18.63736
ascot,3.61382,5,0,45.63564
aside,3.63067,5,0,27.82969
assay,3.92095,5,0,510.12762
bails,3.59179,5,0,42.86645
balmy,3.67041,5,0,132.29801
bared,3.59784,5,0,18.29132
barge,3.62462,5,0,16.85572
barre,3.67041,5,0,25.53642
basin,3.62592,5,0,58.77123
baton,3.59784,5,0,39.37668
bayou,3.75205,5,0,181.54722
belie,3.67862,5,0,74.04066
beret,3.63326,5,0,24.41788
bevel,3.78013,5,0,48.69904
bided,3.77495,5,0,84.99071
billy,3.78445,5,0,387.70072
bloke,3.65572,5,0,57.81920
blows,3.69676,5,0,69.11815
blush,3.66393,5,0,215.21062
booed,3.72916,5,0,66.80179
boost,3.69244,5,0,93.08169
booze,3.86523,5,0,241.05595
boule,3.61296,5,0,63.34526
bowel,3.65832,5,0,38.12345
bowls,3.69158,5,0,70.77236
brain,3.57927,5,0,40.99442
brawn,3.65529,5,0,32.21722
brick,3.67732,5,0,91.79596
broke,3.65270,5,0,50.19487
broom,3.77192,5,0,155.78889
bulky,3.77279,5,0,273.55874
burnt,3.61382,5,0,72.85222
bushy,3.73521,5,0,308.79715
cacti,3.74860,5,0,164.23195
candy,3.66220,5,0,145.90150
carbs,3.61382,5,0,21.18645
carer,3.65443,5,0,27.02157
carts,3.55724,5,0,21.54481
caste,3.52657,5,0,14.71831
cater,3.53305,5,0,10.96163
cause,3.59179,5,0,48.16336
caves,3.68078,5,0,16.63720
cavil,3.65659,5,0,78.72945
chaff,3.84752,5,0,192.91431
chewy,3.76069,5,0,72.59772
chile,3.57106,5,0,35.85012
chimp,3.70454,5,0,92.66844
chirp,3.63197,5,0,72.06905
choke,3.67905,5,0,84.85479
chuck,3.92138,5,0,345.63609
clash,3.59266,5,0,78.21661
clear,3.55378,5,0,15.41483
clerk,3.65745,5,0,29.70477
climb,3.66868,5,0,106.02815
clock,3.79914,5,0,203.69901
coach,3.75767,5,0,116.13040
codec,3.74644,5,0,61.75323
codes,3.62721,5,0,16.33344
coils,3.58099,5,0,49.73069
color,3.67948,5,0,70.75654
comer,3.59266,5,0,24.99660
comet,3.59438,5,0,18.66534
comic,3.81512,5,0,255.35576
coper,3.57192,5,0,21.05246
coral,3.55594,5,0,25.31909
cores,3.54946,5,0,10.66589
corny,3.60562,5,0,61.66306
couch,3.81641,5,0,494.59971
cubes,3.67300,5,0,23.37987
cumin,3.66393,5,0,202.28708
cushy,3.71533,5,0,294.08592
dates,3.60605,5,0,11.63121
daunt,3.59525,5,0,82.70519
debit,3.62678,5,0,53.46219
decks,3.72873,5,0,53.46613
deity,3.63283,5,0,129.26357
dense,3.64924,5,0,42.01695
deuce,3.68942,5,0,66.76030
dicer,3.60130,5,0,38.88057
diets,3.62117,5,0,54.20365
dimly,3.67214,5,0,325.02879
disks,3.83024,5,0,294.51197
doily,3.62462,5,0,361.62187
doozy,3.92959,5,0,711.47386
druid,3.76976,5,0,360.14231
dunks,3.72786,5,0,194.26150
dwell,3.79741,5,0,119.90289
eaten,3.65702,5,0,22.33676
eaved,3.77927,5,0,47.99720
edges,3.75810,5,0,54.76001
edits,3.64795,5,0,65.70962
eight,3.68855,5,0,65.81051
elate,3.61814,5,0,25.32391
elder,3.64752,5,0,77.14640
elite,3.63844,5,0,68.34686
emcee,3.85616,5,0,97.34257
endow,3.70497,5,0,68.40851
enter,3.66436,5,0,28.46275
equip,3.86350,5,0,261.25301
evite,3.77106,5,0,74.27600
exist,3.73737,5,0,112.47725
facts,3.65659,5,0,66.99144
faker,3.69460,5,0,39.59961
fancy,3.68035,5,0,203.41701
feign,3.68337,5,0,178.96359
fewer,3.76458,5,0,56.38622
fiery,3.68337,5,0,106.10250
filet,3.60216,5,0,26.70340
filmy,3.71361,5,0,463.85068
fjord,3.79654,5,0,184.26100
flank,3.69546,5,0,95.87107
fleas,3.64968,5,0,53.59372
flied,3.63542,5,0,97.36893
flood,3.74989,5,0,315.69826
flyer,3.66911,5,0,56.05909
focus,3.73002,5,0,154.55764
folks,3.71490,5,0,159.02172
force,3.58445,5,0,22.89159
forex,3.76069,5,0,127.30080
forte,3.58229,5,0,31.69531
forty,3.66220,5,0,224.25210
foyer,3.67257,5,0,101.94469
friar,3.73002,5,0,133.79229
frogs,3.69201,5,0,79.68273
frown,3.68251,5,0,81.29656
fryer,3.76242,5,0,127.52442
fumer,3.65961,5,0,57.64833
fungi,3.76760,5,0,314.09893
fuzed,3.81382,5,0,72.98567
gabby,3.87862,5,0,232.21000
gassy,3.79698,5,0,207.36930
gears,3.59870,5,0,8.75250
geeks,3.82289,5,0,130.06779
giant,3.59741,5,0,67.02616
girls,3.63067,5,0,53.64091
given,3.70194,5,0,65.08616
glade,3.57667,5,0,25.48374
gland,3.59568,5,0,111.94516
globe,3.61987,5,0,39.63507
glove,3.67862,5,0,74.12991
gnarl,3.59611,5,0,46.47327
goats,3.61555,5,0,20.49813
godly,3.67300,5,0,136.46741
goofy,3.84104,5,0,428.11935
grins,3.60043,5,0,76.55904
gross,3.74644,5,0,127.22824
grunt,3.61166,5,0,65.80569
guile,3.59957,5,0,117.28567
gulch,3.70367,5,0,180.88338
habit,3.63326,5,0,54.15657
hacks,3.73175,5,0,76.27462
hairy,3.63629,5,0,112.68985
hardy,3.66868,5,0,61.19086
harsh,3.74341,5,0,92.45606
hawed,3.70065,5,0,18.83843
hazel,3.74082,5,0,32.44653
heady,3.67300,5,0,98.71630
helps,3.65832,5,0,61.68083
hexed,3.85745,5,0,91.38802
hiker,3.67646,5,0,37.48832
hinge,3.64449,5,0,82.11712
hirer,3.69935,5,0,65.96169
hitch,3.79309,5,0,249.42314
homer,3.62549,5,0,30.70654
honer,3.58402,5,0,26.90768
hoods,3.77279,5,0,266.19099
hound,3.66177,5,0,292.74436
hunks,3.73305,5,0,282.87694
hydro,3.69849,5,0,135.41014
hypes,3.71793,5,0,21.49794
ideal,3.63585,5,0,85.86063
idiot,3.76199,5,0,291.71542
imbed,3.70410,5,0,53.40473
inane,3.73952,5,0,70.25035
incur,3.63974,5,0,65.73647
infer,3.64968,5,0,41.04182
inked,3.71361,5,0,56.96354
inner,3.71620,5,0,87.52366
irony,3.62765,5,0,145.45468
jaunt,3.74471,5,0,131.43347
jihad,3.82937,5,0,270.06134
joker,3.79698,5,0,102.02709
jones,3.72181,5,0,45.68738
judge,3.81987,5,0,154.52501
jumbo,3.89330,5,0,292.98414
karma,3.80950,5,0,88.24489
kebab,3.88423,5,0,125.08180
kicks,3.86393,5,0,241.58425
kiosk,3.83153,5,0,340.77958
known,3.89546,5,0,232.23947
largo,3.62203,5,0,35.16369
latex,3.70626,5,0,19.80472
laved,3.67257,5,0,26.97104
layer,3.60562,5,0,24.40690
leach,3.61080,5,0,49.80196
learn,3.54816,5,0,14.84204
least,3.52527,5,0,29.00355
leery,3.70929,5,0,61.92602
lends,3.62981,5,0,41.87091
lever,3.72873,5,0,80.91717
light,3.66739,5,0,104.43165
linen,3.70324,5,0,100.39263
lithe,3.59914,5,0,19.43617
liven,3.66350,5,0,49.09048
liver,3.66307,5,0,30.93306
loamy,3.64190,5,0,194.53082
logos,3.74428,5,0,208.48208
lorry,3.73391,5,0,264.80099
lunar,3.60475,5,0,32.43599
lungs,3.66739,5,0,201.63039
lynch,3.71145,5,0,188.29926
mails,3.58531,5,0,56.38697
major,3.73909,5,0,50.33405
mambo,3.84708,5,0,111.25797
mania,3.74125,5,0,235.94899
match,3.64017,5,0,68.92868
maxed,3.77063,5,0,35.84940
mayor,3.63283,5,0,86.13362
medal,3.60907,5,0,68.31823
melds,3.66048,5,0,55.50450
menus,3.65918,5,0,131.57191
meted,3.70929,5,0,32.95961
midge,3.66307,5,0,125.15820
mimer,3.73089,5,0,185.74873
minty,3.69244,5,0,164.16253
misty,3.67300,5,0,270.94684
modes,3.63931,5,0,32.81756
moist,3.57970,5,0,45.32645
moles,3.60259,5,0,49.32661
mommy,4.00734,5,0,986.21861
musky,3.77970,5,0,224.54234
namer,3.58747,5,0,16.18928
nasal,3.69460,5,0,141.10459
nerds,3.63369,5,0,17.64152
nerve,3.72829,5,0,56.94627
nexus,3.81685,5,0,241.63372
nixer,3.71749,5,0,78.98820
noisy,3.63542,5,0,149.63166
noter,3.57149,5,0,14.48907
nuked,3.71533,5,0,64.26493
nutty,3.81123,5,0,430.47058
ogled,3.64622,5,0,52.65380
olden,3.58186,5,0,33.21546
olive,3.68078,5,0,82.10252
oozes,3.88251,5,0,128.67556
orbit,3.61857,5,0,43.69109
ortho,3.75205,5,0,86.95505
outgo,3.81728,5,0,241.29951
pacts,3.61166,5,0,38.16841
paddy,3.82246,5,0,172.33774
panes,3.60216,5,0,12.80727
pants,3.59784,5,0,42.55742
papal,3.85572,5,0,249.24005
pence,3.65702,5,0,35.13674
perky,3.70583,5,0,61.12347
peter,3.64190,5,0,30.35256
phase,3.59784,5,0,29.04459
piano,3.62851,5,0,56.75210
piece,3.68251,5,0,82.47263
piled,3.59698,5,0,40.57009
pinch,3.66177,5,0,125.75811
pipes,3.77149,5,0,81.88229
pixel,3.72311,5,0,73.58322
plane,3.53780,5,0,13.72175
plans,3.57279,5,0,49.83225
plaza,3.84579,5,0,256.50897
point,3.58359,5,0,61.08112
polls,3.71274,5,0,149.65077
posed,3.60432,5,0,20.18748
posit,3.57927,5,0,46.72175
pound,3.64579,5,0,127.48050
press,3.75292,5,0,59.27785
primo,3.64104,5,0,88.66332
promo,3.75421,5,0,115.78328
prude,3.60907,5,0,31.71421
psych,3.73866,5,0,139.94021
pupil,3.79179,5,0,443.92074
quail,3.78099,5,0,311.79999
query,3.84536,5,0,101.70693
quick,3.86998,5,0,391.16744
quota,3.81814,5,0,241.74399
radio,3.60864,5,0,43.77649
rafts,3.62937,5,0,19.52030
rager,3.71015,5,0,37.39834
raked,3.65097,5,0,19.11549
rally,3.72095,5,0,93.95900
raper,3.70454,5,0,23.93140
rater,3.66307,5,0,16.23321
raved,3.65529,5,0,22.07115
rawer,3.74773,5,0,29.64172
razor,3.83240,5,0,101.06028
refit,3.62808,5,0,16.43567
regal,3.59827,5,0,18.19622
reign,3.59309,5,0,33.87353
relax,3.72095,5,0,27.50459
remix,3.74471,5,0,170.44575
ricer,3.69114,5,0,62.66500
rifts,3.65313,5,0,35.31357
riled,3.56026,5,0,40.91304
rinse,3.54384,5,0,12.15195
riper,3.68769,5,0,79.74322
risky,3.71361,5,0,141.06743
rocks,3.67732,5,0,45.77818
rogue,3.63758,5,0,49.44597
roots,3.67300,5,0,66.65316
rosed,3.58402,5,0,18.03176
rough,3.67991,5,0,94.26739
rowed,3.65011,5,0,39.99293
ruddy,3.81987,5,0,308.12291
sales,3.68121,5,0,23.04843
salsa,3.82073,5,0,258.78426
saver,3.62505,5,0,13.90752
savoy,3.70324,5,0,43.26442
scale,3.52613,5,0,11.98138
scalp,3.60518,5,0,42.33148
scans,3.72484,5,0,162.50464
scope,3.59482,5,0,24.73112
scots,3.73261,5,0,128.95552
sears,3.70065,5,0,27.32508
seats,3.68423,5,0,67.55411
segue,3.73607,5,0,86.97892
sells,3.85875,5,0,219.42148
shake,3.63499,5,0,25.10521
shale,3.54600,5,0,13.32776
shalt,3.55767,5,0,53.39791
shard,3.61339,5,0,38.72978
sharp,3.60734,5,0,40.79724
sheer,3.66998,5,0,44.27297
shell,3.72138,5,0,104.29452
shoal,3.59741,5,0,74.23005
shook,3.80864,5,0,271.68572
shrew,3.66048,5,0,20.76174
shrug,3.67646,5,0,136.13387
sided,3.72225,5,0,85.94492
sieve,3.75896,5,0,135.82716
silky,3.67343,5,0,232.35708
sinus,3.77451,5,0,478.35373
skimp,3.71663,5,0,129.78467
skirt,3.62160,5,0,50.66483
skulk,3.83110,5,0,323.96309
slang,3.59525,5,0,68.11340
sleek,3.71447,5,0,89.99242
slier,3.53823,5,0,33.81999
sling,3.62117,5,0,143.62089
slosh,3.73348,5,0,294.69984
smart,3.57538,5,0,19.91372
smash,3.76890,5,0,171.07550
smock,3.71058,5,0,82.28162
smoky,3.74255,5,0,309.60476
snort,3.54298,5,0,24.38571
snuff,3.85227,5,0,409.74007
sooth,3.69849,5,0,184.15172
soups,3.78445,5,0,210.32653
spasm,3.76803,5,0,116.12463
spike,3.67732,5,0,103.47508
spoil,3.58402,5,0,83.19368
spoon,3.72354,5,0,138.86366
squad,3.80864,5,0,188.44673
stale,3.52570,5,0,9.03139
stalk,3.61425,5,0,45.72288
stark,3.63499,5,0,24.43817
state,3.65961,5,0,26.58517
stave,3.63758,5,0,13.04967
steak,3.66609,5,0,27.37842
steel,3.64017,5,0,44.79065
stent,3.69287,5,0,76.09161
stied,3.58877,5,0,30.26132
stilt,3.67214,5,0,181.93680
stops,3.74860,5,0,155.55876
straw,3.65659,5,0,18.87090
stubs,3.81901,5,0,211.14181
style,3.60259,5,0,25.90343
sucks,3.85184,5,0,264.70983
surge,3.59827,5,0,24.20561
swami,3.70886,5,0,71.12500
swear,3.62678,5,0,12.11281
sweat,3.61641,5,0,22.89852
sweet,3.70454,5,0,30.06699
swill,3.74341,5,0,215.87634
sworn,3.63240,5,0,46.73672
syrup,3.65443,5,0,122.92755
tacky,3.69762,5,0,115.82281
tangy,3.64320,5,0,130.24766
tawed,3.65486,5,0,13.51398
taxed,3.72009,5,0,19.47321
taxer,3.69676,5,0,20.53041
taxes,3.71836,5,0,17.20114
teach,3.58186,5,0,40.16121
teddy,3.79654,5,0,133.25662
tepid,3.61210,5,0,54.67348
testy,3.75983,5,0,112.98948
thing,3.66868,5,0,131.03643
thump,3.70367,5,0,123.89726
timid,3.76890,5,0,222.09936
tonga,3.63326,5,0,39.83722
topaz,3.75378,5,0,66.70494
torso,3.65356,5,0,48.20907
tough,3.67430,5,0,120.28602
tramp,3.59698,5,0,21.45447
trash,3.57408,5,0,14.42705
tread,3.56112,5,0,16.34746
trees,3.63974,5,0,34.39365
tries,3.54125,5,0,18.21260
troll,3.66868,5,0,63.43003
truss,3.73477,5,0,76.71488
tulle,3.67819,5,0,34.61643
tutor,3.69460,5,0,90.56665
twine,3.63024,5,0,27.55865
twirl,3.62851,5,0,52.36612
tying,3.68639,5,0,162.06378
unfit,3.68207,5,0,209.39563
unlit,3.62289,5,0,168.76576
unzip,3.82635,5,0,329.46805
vaned,3.66004,5,0,24.18976
vaper,3.68121,5,0,23.43370
vault,3.65140,5,0,59.75825
veins,3.67905,5,0,84.93245
vexed,3.93477,5,1,351.33721
vivid,4.04579,5,2,3056.92075
abhor,3.66998,5,0,35.92421
abort,3.59266,5,0,20.72618
aches,3.67084,5,0,13.33143
acing,3.68337,5,0,114.29831
adore,3.59654,5,0,64.34851
after,3.61771,5,0,26.06199
agape,3.74989,5,0,54.99785
aglow,3.71663,5,0,88.33423
aided,3.75076,5,0,120.15555
aisle,3.54600,5,0,27.90568
alamo,3.73175,5,0,164.94856
allot,3.67559,5,0,120.59285
alpha,3.75853,5,0,220.31068
amped,3.66782,5,0,20.83975
amply,3.67473,5,0,112.61376
ankle,3.63326,5,0,22.39813
annoy,3.78920,5,0,482.15835
augur,3.78963,5,0,112.76474
avant,3.74514,5,0,101.58231
award,3.76717,5,0,75.36536
axial,3.84924,5,0,500.03744
beach,3.65140,5,0,49.24354
beech,3.76112,5,0,127.45898
belle,3.80000,5,0,86.98583
beset,3.67948,5,0,22.27941
bezel,3.82376,5,0,80.08773
biker,3.66479,5,0,61.73368
bingo,3.71015,5,0,132.19589
blame,3.59957,5,0,25.46279
blank,3.66307,5,0,89.62679
blimp,3.68078,5,0,89.48770
block,3.69114,5,0,114.89485
bluff,3.89590,5,0,347.35875
boots,3.72786,5,0,148.29061
borax,3.76587,5,0,88.02067
bosom,3.79352,5,0,182.42661
boxed,3.76501,5,0,65.60427
brake,3.64752,5,0,22.46117
brass,3.74298,5,0,32.64285
brews,3.70713,5,0,26.14490
brier,3.67862,5,0,72.18582
broil,3.58575,5,0,76.18449
brunt,3.61339,5,0,55.76667
bugle,3.66393,5,0,60.57182
bulbs,3.83024,5,0,261.19923
burly,3.69503,5,0,167.76459
butts,3.78747,5,0,212.99532
cable,3.57365,5,0,16.68917
cacao,3.90194,5,0,295.44907
carat,3.64622,5,0,50.27025
cared,3.56026,5,0,16.32006
caret,3.52441,5,0,7.13080
carry,3.70756,5,0,51.42199
caulk,3.66350,5,0,107.83230
celeb,3.68337,5,0,36.31802
chafe,3.64665,5,0,37.87042
champ,3.67084,5,0,59.46549
chars,3.59568,5,0,37.87794
cheek,3.78359,5,0,55.93913
chews,3.73391,5,0,74.47700
child,3.63844,5,0,156.34622
chive,3.69244,5,0,94.68158
chord,3.61641,5,0,86.80483
chute,3.61857,5,0,40.47143
cinch,3.77495,5,0,382.71257
cling,3.64233,5,0,141.46794
clout,3.58747,5,0,92.10305
cluck,3.83110,5,0,280.21820
coked,3.69071,5,0,32.52779
colon,3.70151,5,0,174.05476
comma,3.81339,5,0,167.09569
cooks,3.79395,5,0,163.19927
coupe,3.62203,5,0,57.04287
cover,3.64492,5,0,34.78810
cower,3.62592,5,0,29.63579
cramp,3.61123,5,0,31.11014
crawl,3.61641,5,0,30.16771
cream,3.60389,5,0,18.24507
creme,3.65572,5,0,50.91169
crick,3.78272,5,0,220.79253
cubby,3.86825,5,0,396.82260
dally,3.74773,5,0,259.09993
decal,3.58920,5,0,52.51812
decry,3.66393,5,0,32.57345
deked,3.92959,5,0,144.61901
desks,3.86220,5,0,142.18758
dildo,3.78575,5,0,480.54910
diver,3.65184,5,0,63.53081
dizzy,4.01555,5,1,2239.97911
elves,3.76026,5,0,72.49765
emits,3.65011,5,0,54.52755
ender,3.67732,5,0,90.92198
envoy,3.75119,5,0,121.42770
erode,3.65572,5,0,118.77925
etude,3.73650,5,0,86.90683
excel,3.82765,5,0,85.26129
eying,3.71447,5,0,186.93813
fares,3.61123,5,0,15.57011
fated,3.63585,5,0,21.18927
favor,3.71361,5,0,35.95433
faxes,3.79309,5,0,24.88750
fears,3.62592,5,0,21.67076
feats,3.62505,5,0,58.51506
feels,3.72786,5,0,117.48906
feral,3.61598,5,0,27.17104
fetch,3.68337,5,0,65.59355
field,3.66134,5,0,178.40498
filth,3.66393,5,0,141.12880
fined,3.64492,5,0,52.89432
fired,3.61425,5,0,90.81328
fishy,3.74341,5,0,340.06802
flame,3.62462,5,0,34.17901
flask,3.68294,5,0,72.94304
fleck,3.73305,5,0,66.68932
flies,3.62808,5,0,49.85570
flock,3.71188,5,0,101.72780
flout,3.63715,5,0,138.33307
flume,3.67214,5,0,95.66446
flute,3.61857,5,0,40.92316
focal,3.64665,5,0,59.11191
foggy,3.88337,5,0,438.79569
forth,3.64752,5,0,46.76064
forum,3.69719,5,0,136.53215
foxes,3.79611,5,0,82.41711
franc,3.61037,5,0,37.60710
frays,3.70454,5,0,47.27334
fried,3.61641,5,0,93.52269
frock,3.69374,5,0,69.33689
front,3.59222,5,0,44.54982
froth,3.63974,5,0,48.79923
fruit,3.62635,5,0,95.45027
fugue,3.85616,5,0,206.87725
funny,3.87819,5,0,738.10485
gazes,3.76199,5,0,25.18482
geese,3.84795,5,0,88.92515
germs,3.65659,5,0,32.42487
giber,3.63067,5,0,35.51020
giddy,3.85140,5,0,440.27488
goals,3.59309,5,0,31.04499
gofer,3.66048,5,0,62.15645
golly,3.76631,5,0,373.80967
grant,3.56458,5,0,20.09861
grass,3.73823,5,0,47.73324
grief,3.65443,5,0,67.51602
grips,3.62592,5,0,53.71337
grope,3.60173,5,0,28.66599
grout,3.60821,5,0,58.71693
grown,3.66739,5,0,65.44418
guest,3.62462,5,0,71.03333
guise,3.64104,5,0,108.57195
gummy,3.90238,5,0,362.22020
hangs,3.66048,5,0,128.04873
hasty,3.65961,5,0,116.72559
hazer,3.74168,5,0,36.87896
heath,3.75464,5,0,87.19787
henry,3.64968,5,0,43.31067
hewed,3.78790,5,0,54.11713
hider,3.60000,5,0,65.55763
hills,3.74212,5,0,368.18870
holed,3.59482,5,0,29.72519
holly,3.77538,5,0,464.11399
howls,3.69762,5,0,125.74798
humus,3.87473,5,0,402.92237
hymen,3.71749,5,0,44.05836
hyper,3.67387,5,0,24.18489
icing,3.81425,5,0,295.14697
iliac,3.74773,5,0,231.01125
index,3.77624,5,0,101.17926
inker,3.66739,5,0,39.86832
inlet,3.58359,5,0,18.40751
input,3.66048,5,0,146.50793
items,3.67127,5,0,57.78490
japed,3.76976,5,0,20.70599
jazzy,4.13521,5,1,1804.28966
knows,3.75335,5,0,109.99030
lacer,3.56242,5,0,13.59380
laden,3.56717,5,0,17.03719
lager,3.60605,5,0,11.49777
laker,3.63888,5,0,14.04551
lakes,3.64104,5,0,18.29296
lanes,3.54903,5,0,11.35796
lapse,3.55464,5,0,13.12501
large,3.58229,5,0,12.95711
laser,3.55162,5,0,13.84956
latch,3.61253,5,0,56.90395
lawed,3.66091,5,0,22.23285
lazed,3.72873,5,0,45.38465
leaps,3.59136,5,0,32.47676
leave,3.72786,5,0,46.49358
leggy,3.82376,5,0,221.17544
limbo,3.68769,5,0,134.23266
liter,3.57365,5,0,18.95826
litre,3.55594,5,0,10.33138
lived,3.67127,5,0,64.94003
loads,3.60432,5,0,30.08803
lobby,3.82505,5,0,332.19285
loped,3.60130,5,0,32.64714
loper,3.58402,5,0,17.74440
lords,3.62505,5,0,33.27900
louse,3.58445,5,0,48.64945
loved,3.67732,5,0,59.43852
lowly,3.80734,5,0,313.94145
lusty,3.67084,5,0,197.61326
mafia,3.81080,5,0,256.04336
mangy,3.69719,5,0,156.73670
marks,3.67991,5,0,35.12519
marsh,3.62289,5,0,38.56133
masse,3.72657,5,0,49.13778
matte,3.70540,5,0,23.80316
maven,3.68251,5,0,28.86531
maxim,3.93823,5,0,347.19298
metal,3.59438,5,0,29.86360
metro,3.60000,5,0,20.88029
might,3.69460,5,0,113.71018
mimic,3.99136,5,0,476.69604
moans,3.60994,5,0,35.40371
moats,3.61469,5,0,25.28978
mochi,3.72959,5,0,123.42945
molar,3.58531,5,0,52.59375
molly,3.76112,5,0,627.15709
moved,3.71706,5,0,60.23445
mowed,3.69158,5,0,56.56544
mulch,3.68467,5,0,183.85164
mural,3.62419,5,0,54.27444
murky,3.77365,5,0,232.62036
nails,3.56587,5,0,60.71163
naval,3.78790,5,0,145.40307
never,3.73045,5,0,66.39050
nicer,3.58790,5,0,32.17797
nifty,3.71231,5,0,230.25276
noble,3.60043,5,0,25.65766
nodes,3.61814,5,0,19.88127
noise,3.57711,5,0,45.35623
noose,3.68985,5,0,106.21738
notes,3.60346,5,0,11.51324
nudge,3.67819,5,0,114.69685
oaken,3.66825,5,0,21.85405
oared,3.59957,5,0,17.36513
oasis,3.80648,5,0,95.95542
ocean,3.63629,5,0,40.22946
octet,3.73521,5,0,29.61015
offal,3.84060,5,0,281.34707
omits,3.66048,5,0,131.95974
opine,3.61987,5,0,43.61518
optic,3.68035,5,0,61.48328
other,3.63888,5,0,15.37104
ought,3.72225,5,0,132.51943
owing,3.73348,5,0,132.07330
paced,3.62203,5,0,17.69688
pacer,3.57927,5,0,14.68987
paces,3.62030,5,0,12.13554
packs,3.70972,5,0,70.98145
paged,3.64147,5,0,20.23700
pager,3.61814,5,0,18.98248
pages,3.63110,5,0,12.00560
pains,3.60994,5,0,62.33493
paler,3.56156,5,0,17.40010
paned,3.59266,5,0,14.65723
panic,3.62808,5,0,80.47279
parer,3.69374,5,0,22.22163
parry,3.71447,5,0,44.88719
patch,3.61814,5,0,45.15512
patty,3.73391,5,0,173.16948
pesto,3.59136,5,0,33.48605
petit,3.72570,5,0,116.82277
piety,3.65184,5,0,51.06981
piked,3.69546,5,0,62.90655
pills,3.71663,5,0,225.86075
pizza,3.98963,5,0,386.88337
poise,3.57279,5,0,28.43968
polar,3.57365,5,0,24.12669
polka,3.68985,5,0,84.96871
poppy,3.99136,5,0,564.32229
puffy,3.91965,5,1,1230.07413
quirk,3.84881,5,0,483.48427
raise,3.55205,5,0,13.18756
raker,3.75680,5,0,45.14508
ramen,3.56156,5,0,14.81604
ranch,3.59482,5,0,31.14555
range,3.56285,5,0,13.13105
rants,3.58359,5,0,11.92243
rapid,3.60562,5,0,29.64127
ratio,3.60302,5,0,14.67675
raver,3.77408,5,0,57.23529
react,3.53780,5,0,8.63573
reams,3.60043,5,0,18.44196
rebel,3.65356,5,0,35.94592
recut,3.59611,5,0,17.74598
refer,3.82333,5,0,95.16863
relic,3.61037,5,0,18.26722
renal,3.55810,5,0,10.84779
repel,3.63758,5,0,32.17594
resin,3.58099,5,0,16.43339
retro,3.69892,5,0,24.44283
revel,3.72009,5,0,73.30959
riced,3.59784,5,0,25.17399
ridge,3.59309,5,0,69.77931
rigor,3.73348,5,0,218.52766
rivet,3.64233,5,0,20.40638
roads,3.61469,5,0,19.60175
robot,3.69460,5,0,62.10622
roger,3.71274,5,0,123.85326
rotor,3.77408,5,0,127.24937
royal,3.61253,5,0,119.27447
rumba,3.69978,5,0,54.69874
runts,3.61339,5,0,50.08107
sabed,3.61685,5,0,13.11839
sacks,3.80475,5,0,123.67132
salty,3.57019,5,0,84.17606
sands,3.74773,5,0,113.63575
saucy,3.63801,5,0,132.23541
scamp,3.65054,5,0,46.24094
scant,3.56501,5,0,57.67407
scene,3.66134,5,0,34.91234
scent,3.60043,5,0,41.83039
scoot,3.68726,5,0,110.52941
scree,3.62721,5,0,31.32685
seals,3.68855,5,0,93.38385
seems,3.85745,5,0,217.47421
serum,3.63413,5,0,27.56931
seven,3.74125,5,0,49.16436
sexed,3.80950,5,0,73.26921
shall,3.69374,5,0,199.50850
shift,3.65356,5,0,121.00905
shoed,3.60907,5,0,16.28368
shoes,3.73909,5,0,58.75902
shops,3.77106,5,0,193.17671
showy,3.72657,5,0,182.02438
shush,3.93952,6,5,10330.20445
wines,3.65140,5,0,46.82539
wipes,3.69244,5,0,39.57133
wiser,3.64320,5,0,24.01371
wived,3.76242,5,0,62.31526
woods,3.80691,5,0,156.17463
worms,3.68812,5,0,71.06284
would,3.68898,5,0,130.46257
wrest,3.60518,5,0,17.84665
wring,3.66911,5,0,106.90495
yanks,3.71274,5,0,109.73853
young,3.72225,5,0,261.92515
abbot,3.78056,5,0,103.62303
acted,3.62333,5,0,12.77896
acute,3.61555,5,0,29.25491
added,3.93477,5,0,73.32010
affix,4.02851,5,0,591.92689
alone,3.54730,5,0,15.05731
aloof,3.76371,5,0,255.76155
ample,3.60259,5,0,22.02395
amuse,3.63758,5,0,37.16019
angel,3.59309,5,0,24.94250
angle,3.59395,5,0,23.79212
angry,3.65832,5,0,59.92184
anode,3.59179,5,0,20.57648
antic,3.62419,5,0,79.19802
apnea,3.72181,5,0,32.56339
apron,3.60994,5,0,43.49256
arbor,3.71361,5,0,89.84490
arose,3.58056,5,0,23.73358
arrow,3.75292,5,0,88.31427
asker,3.66004,5,0,21.13343
asses,3.92181,5,0,56.80278
audit,3.65097,5,0,123.30908
avert,3.65054,5,0,14.44327
avian,3.80605,5,0,292.16762
badly,3.65875,5,0,119.54717
baned,3.61339,5,0,20.32905
banjo,3.80346,5,0,102.25737
baser,3.58272,5,0,12.41213
basil,3.59784,5,0,43.87533
bated,3.61425,5,0,16.33057
baths,3.66479,5,0,51.27800
beads,3.64276,5,0,29.31946
beard,3.58747,5,0,21.85527
beefy,3.82635,5,0,215.35710
betel,3.66609,5,0,25.11135
bible,3.74903,5,0,122.79950
binds,3.67689,5,0,124.84696
bites,3.63067,5,0,15.24748
black,3.67603,5,0,74.96264
bleak,3.70022,5,0,49.23734
blind,3.63844,5,0,139.69175
blood,3.72829,5,0,203.07694
boing,3.67516,5,0,103.26856
booby,3.97019,5,0,728.08239
broad,3.61944,5,0,53.27365
brood,3.73391,5,0,147.85226
built,3.60389,5,0,114.67951
bundt,3.66868,5,0,130.36629
burke,3.69762,5,0,40.12049
burns,3.64622,5,0,90.78046
busty,3.71577,5,0,172.89410
bytes,3.68380,5,0,14.33004
cabal,3.71965,5,0,132.73878
caddy,3.80950,5,0,234.69083
caped,3.61641,5,0,18.30852
capri,3.61857,5,0,50.89847
cards,3.59784,5,0,25.40434
carol,3.55335,5,0,38.72048
catch,3.74039,5,0,142.13852
cents,3.59957,5,0,48.54279
chair,3.59136,5,0,34.20098
chard,3.61512,5,0,46.20725
chart,3.57235,5,0,22.00057
cheat,3.61469,5,0,30.67014
chess,3.79266,5,0,106.36851
chili,3.77538,5,0,327.06127
churn,3.63801,5,0,160.88063
claim,3.60518,5,0,81.29250
clang,3.61728,5,0,112.88107
clays,3.62808,5,0,111.09818
clips,3.60691,5,0,77.31852
close,3.53391,5,0,16.00571
cloud,3.62808,5,0,149.04973
clues,3.59914,5,0,19.14684
clunk,3.68121,5,0,180.53881
coded,3.74125,5,0,60.07033
colin,3.57581,5,0,90.23463
comes,3.62246,5,0,18.34720
comfy,3.73737,5,0,121.31331
coned,3.57711,5,0,29.94495
conga,3.66220,5,0,73.81179
cooer,3.67559,5,0,54.38248
copse,3.57797,5,0,25.67060
cored,3.55119,5,0,19.53161
corgi,3.64968,5,0,49.34373
costa,3.59741,5,0,26.05718
could,3.62505,5,0,117.82350
crack,3.77754,5,0,76.42244
creek,3.72009,5,0,60.32538
cribs,3.61685,5,0,30.33478
crimp,3.63024,5,0,56.16099
crops,3.59395,5,0,33.70556
crowd,3.64536,5,0,50.28213
cruel,3.56371,5,0,22.86031
crust,3.57279,5,0,29.79434
cubed,3.67084,5,0,33.98105
curbs,3.66479,5,0,76.47837
curly,3.64838,5,0,154.54215
cuter,3.58013,5,0,20.52150
cutie,3.59568,5,0,65.49734
daily,3.60864,5,0,173.95165
dater,3.56069,5,0,26.18061
deals,3.57927,5,0,38.54635
dealt,3.55076,5,0,39.68681
debts,3.67127,5,0,31.34343
decay,3.65832,5,0,84.15521
delay,3.63024,5,0,113.54378
denim,3.64924,5,0,149.40625
diffs,3.84968,5,0,334.11326
disco,3.64190,5,0,92.37376
ditsy,3.64924,5,0,117.99270
dives,3.69028,5,0,42.17808
dodge,3.77279,5,0,138.22317
doing,3.64708,5,0,158.80379
donna,3.74860,5,0,310.53499
doted,3.73434,5,0,36.00234
dowel,3.63456,5,0,38.20464
downy,3.70497,5,0,117.13418
drags,3.62678,5,0,19.54821
drake,3.61253,5,0,26.67307
drank,3.63413,5,0,29.31649
drawn,3.63326,5,0,32.02159
dries,3.58575,5,0,43.91703
drink,3.66091,5,0,149.11170
drove,3.64881,5,0,53.97455
drugs,3.67948,5,0,68.96440
ducks,3.75810,5,0,127.51606
dully,3.80994,5,0,495.23785
eater,3.64622,5,0,46.41058
eclat,3.59222,5,0,37.65146
edict,3.63456,5,0,78.34495
egret,3.69590,5,0,29.99810
eject,3.84536,5,0,141.13646
elfin,3.65918,5,0,123.86670
emote,3.70756,5,0,99.57558
ensue,3.72916,5,0,157.88543
error,3.84147,5,0,195.06878
exalt,3.71058,5,0,51.02078
expat,3.75940,5,0,35.56736
exult,3.75162,5,0,118.37553
faith,3.65011,5,0,88.10007
fatal,3.72700,5,0,172.63971
felon,3.64406,5,0,81.55612
femur,3.68380,5,0,55.79117
feted,3.72959,5,0,36.66754
fiber,3.65832,5,0,57.04117
fifth,3.83931,5,0,285.76653
finds,3.70238,5,0,188.99437
fiver,3.70151,5,0,65.40377
fixes,3.80302,5,0,103.33374
flags,3.66695,5,0,97.09087
flake,3.67171,5,0,50.97538
flash,3.64449,5,0,107.18171
fleet,3.67041,5,0,28.76905
flier,3.60907,5,0,43.94454
flirt,3.60259,5,0,74.50136
flops,3.67430,5,0,83.32674
flown,3.70238,5,0,109.66167
flung,3.70065,5,0,228.26405
foist,3.60605,5,0,67.81593
folio,3.76847,5,0,490.17017
foxed,3.78618,5,0,110.49873
frame,3.62462,5,0,18.41794
fraud,3.67559,5,0,62.71851
frets,3.62592,5,0,20.49695
frier,3.70626,5,0,137.10884
frond,3.61857,5,0,139.38428
fudge,3.72095,5,0,120.75197
fumed,3.72009,5,0,51.21687
fumes,3.71965,5,0,37.95238
funky,3.80691,5,0,354.00380
fuzzy,4.07171,5,2,5100.22218
inter,3.58747,5,0,19.68758
irate,3.55508,5,0,22.84746
irked,3.68294,5,0,115.70039
jacks,3.83499,5,0,120.75235
jerky,3.86566,5,0,103.32525
jived,3.84147,5,0,94.06351
johns,3.77365,5,0,335.68953
juice,3.75335,5,0,204.46958
junta,3.76803,5,0,199.49523
kayak,4.03369,5,0,493.07058
klutz,3.83715,5,0,246.92949
knits,3.67300,5,0,99.87365
krill,3.76847,5,0,285.94989
leads,3.60216,5,0,39.29772
leapt,3.56069,5,0,36.96348
ledge,3.68510,5,0,87.45175
leone,3.64276,5,0,43.99112
libel,3.72052,5,0,75.01691
liked,3.67343,5,0,121.98005
liner,3.56242,5,0,21.79040
lingo,3.65140,5,0,159.55511
loans,3.55508,5,0,25.55313
lobed,3.61728,5,0,33.15802
locus,3.64924,5,0,94.33088
login,3.61944,5,0,146.87311
loopy,3.76544,5,0,247.08740
loyal,3.75810,5,0,435.00821
maced,3.62721,5,0,18.68374
macer,3.59914,5,0,19.29610
macro,3.61901,5,0,35.60527
magic,3.69590,5,0,100.55856
maker,3.68078,5,0,22.92500
males,3.59784,5,0,14.51552
mamma,4.08855,5,2,3847.12953
occur,3.78963,5,0,139.56755
offed,3.83413,5,0,111.20488
often,3.65616,5,0,23.10514
ofter,3.64752,5,0,19.28185
ogres,3.64665,5,0,20.83130
oiled,3.60907,5,0,76.95283
onion,3.88898,5,0,847.84280
paris,3.60130,5,0,40.35375
pasta,3.71533,5,0,111.53155
payee,3.72829,5,0,32.71865
pears,3.57970,5,0,13.75459
pedal,3.59482,5,0,56.07894
peril,3.57883,5,0,22.87338
pesos,3.77019,5,0,93.06595
phony,3.66911,5,0,161.46604
piler,3.55767,5,0,20.76232
pilot,3.56803,5,0,67.83287
pints,3.61382,5,0,78.11298
pique,3.80475,5,0,262.15910
plier,3.55205,5,0,22.55753
pluck,3.70367,5,0,129.40478
plush,3.64708,5,0,188.91389
porch,3.63240,5,0,50.32431
porno,3.71620,5,0,103.29310
pours,3.63326,5,0,61.93150
power,3.66091,5,0,28.80253
prank,3.64492,5,0,32.14959
price,3.54082,5,0,26.10881
prier,3.65745,5,0,77.78382
prize,3.68683,5,0,68.94428
prose,3.56285,5,0,11.02017
proud,3.62333,5,0,95.57545
pubic,3.71965,5,0,129.70508
pupal,3.78704,5,0,256.87180
pwned,3.68207,5,0,29.31483
pygmy,3.95680,5,0,201.75938
quake,3.85788,5,0,126.12859
quasi,3.83197,5,0,236.74119
queue,4.01814,5,1,1744.19468
roles,3.57408,5,0,14.71725
roomy,3.76976,5,0,449.71075
rusty,3.64233,5,0,78.13934
saint,3.51879,5,0,54.52219
salts,3.69546,5,0,118.26371
saner,3.53132,5,0,13.71221
sappy,3.78056,5,0,168.29545
sawed,3.65097,5,0,10.22517
sayer,3.57754,5,0,15.48892
scaly,3.62808,5,0,98.42675
scarf,3.64233,5,0,52.70836
scion,3.59611,5,0,87.77860
scout,3.61296,5,0,89.20688
scuff,3.86479,5,0,307.80487
serif,3.63585,5,0,33.84794
setup,3.62678,5,0,73.64084
shade,3.60389,5,0,25.21567
shaky,3.72095,5,0,157.65253
sheds,3.78186,5,0,143.64336
shire,3.55853,5,0,19.00112
shock,3.70194,5,0,107.80046
shore,3.57322,5,0,22.66025
short,3.55896,5,0,31.26811
shots,3.75594,5,0,204.62529
shuck,3.71145,5,0,155.87024
sider,3.57581,5,0,38.35827
siege,3.70194,5,0,133.93857
sigma,3.69892,5,0,99.25882
silly,3.73089,5,0,455.45756
sized,3.72873,5,0,72.38038
skate,3.60259,5,0,12.31923
skier,3.63456,5,0,65.80036
skies,3.80648,5,0,174.12754
skits,3.80259,5,0,346.94872
slain,3.54341,5,0,55.66470
slash,3.71706,5,0,198.89878
sloop,3.70540,5,0,143.07900
slots,3.71015,5,0,231.15760
smack,3.69806,5,0,64.66578
smear,3.59309,5,0,14.07158
smell,3.73002,5,0,104.99658
smirk,3.68898,5,0,150.42812
snags,3.76847,5,0,170.78310
sneed,3.66825,5,0,38.82724
snipe,3.58920,5,0,51.76010
snout,3.58661,5,0,123.69612
sober,3.58920,5,0,11.93231
socks,3.80950,5,0,167.40680
solid,3.58531,5,0,103.06995
sonny,3.74946,5,0,316.44451
sowed,3.65918,5,0,18.39758
sower,3.62549,5,0,15.86707
spade,3.59784,5,0,21.78581
spare,3.54384,5,0,11.20305
spark,3.65745,5,0,38.31907
spawn,3.67127,5,0,39.60125
speed,3.69287,5,0,42.63991
spice,3.57927,5,0,36.99562
spill,3.69071,5,0,212.37664
sport,3.55940,5,0,21.72557
spout,3.60648,5,0,71.89137
spurs,3.77840,5,0,200.37253
stake,3.61469,5,0,18.22129
stamp,3.62635,5,0,37.27316
stare,3.52311,5,0,13.51536
stash,3.74039,5,0,151.82915
stews,3.82073,5,0,99.18309
stipe,3.56890,5,0,31.52635
stoic,3.61641,5,0,53.00317
stomp,3.65918,5,0,72.00417
stoop,3.72657,5,0,152.65264
strap,3.59525,5,0,22.64996
strut,3.70929,5,0,131.75893
stunk,3.68855,5,0,150.44935
suite,3.55810,5,0,72.17311
sully,3.78747,5,0,403.53341
swirl,3.64536,5,0,55.42091
swoop,3.79222,5,0,132.06806
tabby,3.80562,5,0,190.55926
talks,3.64665,5,0,44.64432
taper,3.55032,5,0,19.77599
tapir,3.56717,5,0,40.27343
tased,3.58272,5,0,11.81727
tases,3.70540,5,0,17.10802
tasty,3.72484,5,0,198.68725
tempo,3.65616,5,0,28.18316
tends,3.62160,5,0,36.59688
tense,3.62419,5,0,17.29736
terra,3.66220,5,0,18.47606
terse,3.58834,5,0,18.36662
tests,3.85486,5,0,149.20138
thong,3.66695,5,0,77.47682
throb,3.64104,5,0,43.11143
tiara,3.68812,5,0,76.62124
tiled,3.56544,5,0,22.62859
timer,3.58445,5,0,18.76018
tinge,3.60691,5,0,22.40395
tired,3.55810,5,0,18.82478
tithe,3.71879,5,0,94.16192
toddy,3.79050,5,0,213.71330
totem,3.72527,5,0,38.08025
towel,3.62073,5,0,21.86232
toxic,3.76026,5,0,142.40783
tribe,3.55767,5,0,14.99209
trier,3.64838,5,0,28.26549
troop,3.68683,5,0,109.22033
tubed,3.64406,5,0,22.57834
tubes,3.64708,5,0,16.91845
tuner,3.56674,5,0,19.81011
turbo,3.66177,5,0,58.52720
tweak,3.73650,5,0,27.79782
twigs,3.71663,5,0,61.97614
twixt,3.94687,5,0,328.60309
unite,3.60389,5,0,56.96686
unled,3.63413,5,0,45.91443
unmet,3.64622,5,0,27.02055
unpin,3.81425,5,0,422.45475
valor,3.64492,5,0,32.67052
vaped,3.70842,5,0,20.41694
vases,3.82246,5,0,45.35231
vegan,3.71015,5,0,44.57627
venue,3.79266,5,0,122.45105
video,3.71404,5,0,69.96577
vinyl,3.72959,5,0,209.46878
vital,3.66652,5,0,54.06501
vogue,3.74125,5,0,121.42842
vower,3.73175,5,0,50.13691
wafer,3.69201,5,0,20.66966
wages,3.68898,5,0,12.40369
waits,3.64708,5,0,49.77924
waker,3.71361,5,0,24.26036
waned,3.64881,5,0,19.85396
wards,3.67862,5,0,21.58837
warty,3.64752,5,0,38.57249
waved,3.74384,5,0,30.01606
waves,3.74168,5,0,20.56809
wears,3.63197,5,0,12.72323
weber,3.74168,5,0,48.53179
weepy,3.82160,5,0,108.51959
whale,3.64276,5,0,34.20782
wheel,3.75637,5,0,67.35297
whiny,3.74341,5,0,254.13000
wield,3.66004,5,0,96.85197
wimpy,3.76847,5,0,151.81846
wined,3.66134,5,0,45.62096
wiper,3.63931,5,0,38.33601
wires,3.64492,5,0,25.74838
witch,3.69590,5,0,90.02723
wooed,3.76069,5,0,83.91681
wordy,3.71274,5,0,79.66297
worry,3.78618,5,0,221.44156
wrung,3.71361,5,0,105.25379
yawed,3.72613,5,0,23.48175
years,3.61641,5,0,20.63207
yeast,3.59222,5,0,58.34725
youth,3.70799,5,0,282.64362
abide,3.64104,5,0,38.44823
about,3.69546,5,0,78.29387
adage,3.75335,5,0,45.24591
admit,3.65486,5,0,69.51663
afire,3.61901,5,0,39.75060
again,3.74039,5,0,245.82991
aimer,3.60648,5,0,56.03560
alert,3.53909,5,0,14.78540
alias,3.68812,5,0,204.92373
aloft,3.61166,5,0,66.65183
altar,3.64622,5,0,31.53940
alter,3.54860,5,0,15.13146
amass,3.88596,5,0,286.42862
angst,3.61339,5,0,71.41085
anted,3.58359,5,0,19.23013
anvil,3.67041,5,0,135.41429
aptly,3.60994,5,0,95.51104
aroma,3.72095,5,0,190.83935
audio,3.71965,5,0,324.87671
axion,3.77797,5,0,386.74450
baste,3.58056,5,0,12.97711
batch,3.64708,5,0,56.54453
bayer,3.63758,5,0,25.07639
beams,3.65529,5,0,44.19963
befit,3.67387,5,0,56.67639
beige,3.73477,5,0,93.40344
below,3.69503,5,0,54.17932
berth,3.61382,5,0,18.22936
bever,3.75464,5,0,47.79250
bidet,3.60821,5,0,21.33633
biked,3.71922,5,0,69.56762
biner,3.59006,5,0,23.67501
biped,3.65745,5,0,42.33539
birds,3.64104,5,0,46.95340
bitch,3.66695,5,0,91.55814
blast,3.56933,5,0,32.14659
bleep,3.70756,5,0,44.80965
blink,3.68121,5,0,148.57290
blown,3.67948,5,0,82.61412
boast,3.58056,5,0,21.63168
boats,3.60907,5,0,25.23335
bogus,3.72527,5,0,102.77466
boned,3.60648,5,0,33.46988
bongo,3.78963,5,0,185.94714
boozy,3.95162,5,0,636.64358
brows,3.69503,5,0,48.78343
budge,3.69892,5,0,89.33683
bulge,3.67171,5,0,62.45934
bully,3.82592,5,0,394.61048
buyer,3.67041,5,0,36.38407
buzzy,4.05961,5,2,3895.48333
debug,3.72743,5,0,132.07408
delta,3.59309,5,0,43.47396
demon,3.64060,5,0,82.31434
deter,3.63758,5,0,33.51448
diced,3.74644,5,0,66.34579
dicks,3.72354,5,0,95.15772
dinar,3.57192,5,0,59.25993
diner,3.55724,5,0,58.27221
dingy,3.69892,5,0,255.90083
ditty,3.75508,5,0,296.88415
dolce,3.54298,5,0,32.21549
doles,3.58704,5,0,24.51650
dolls,3.72311,5,0,210.20570
doors,3.71577,5,0,140.81463
doser,3.58099,5,0,18.56116
doses,3.73477,5,0,56.85339
dowdy,3.87430,5,0,261.04669
drier,3.65443,5,0,129.37572
drone,3.54341,5,0,24.84156
drops,3.63369,5,0,51.70506
drown,3.63369,5,0,58.22020
drums,3.66782,5,0,65.16190
ducts,3.67689,5,0,116.19395
dukes,3.73564,5,0,52.59505
dumps,3.72916,5,0,89.42641
dunes,3.61901,5,0,35.41298
duped,3.78056,5,0,64.44256
dutch,3.67516,5,0,152.45482
dyked,3.89071,5,0,148.86266
edged,3.91620,5,0,128.74102
eider,3.65918,5,0,197.97443
email,3.62721,5,0,60.70040
emery,3.78056,5,0,162.41293
epoch,3.67084,5,0,52.46241
erase,3.63801,5,0,38.65016
erect,3.63369,5,0,33.40366
erupt,3.59698,5,0,17.16964
essay,3.82289,5,0,95.27124
evade,3.77970,5,0,53.29155
exact,3.73477,5,0,49.75547
exile,3.80907,5,0,280.73206
fault,3.60778,5,0,118.33797
feces,3.73434,5,0,36.34005
fella,3.75940,5,0,166.33466
fever,3.77883,5,0,59.56436
fiend,3.67689,5,0,170.18710
final,3.64449,5,0,164.49462
fines,3.65011,5,0,47.31498
fires,3.63844,5,0,41.22280
first,3.59784,5,0,61.43853
fixed,3.79611,5,0,144.43143
flack,3.71274,5,0,74.20137
flair,3.60907,5,0,56.04242
flaky,3.73909,5,0,216.60773
flips,3.66998,5,0,112.17884
floss,3.75983,5,0,265.28720
foamy,3.71879,5,0,231.32707
fonts,3.64449,5,0,50.57691
foray,3.67257,5,0,171.15525
forge,3.63758,5,0,60.95608
forms,3.67948,5,0,103.13819
fouls,3.67171,5,0,162.79673
frail,3.61296,5,0,67.33247
frees,3.70713,5,0,55.14392
fries,3.62505,5,0,49.51504
frizz,3.96371,5,0,552.96091
furry,3.80950,5,0,262.82522
gaffe,3.82376,5,0,74.60347
gains,3.62376,5,0,83.32771
gaped,3.65140,5,0,20.46964
garth,3.63153,5,0,22.18013
gasps,3.79050,5,0,126.16538
gavel,3.66652,5,0,29.97623
gayer,3.66091,5,0,22.58888
gayly,3.80432,5,0,255.40244
girly,3.66004,5,0,143.39261
gleam,3.66004,5,0,66.60206
gloat,3.57970,5,0,47.06968
gloom,3.77451,5,0,291.15720
goofs,3.82333,5,0,199.14796
gourd,3.66177,5,0,133.13668
grate,3.55248,5,0,9.16143
gravy,3.72613,5,0,54.73667
grimy,3.66566,5,0,164.71891
grove,3.66523,5,0,68.70787
gruff,3.86825,5,0,290.22608
gusts,3.81296,5,0,215.83875
haled,3.60648,5,0,22.02016
halve,3.66695,5,0,28.21004
hands,3.65832,5,0,86.72506
harpy,3.65702,5,0,48.18834
haste,3.57581,5,0,13.79070
hatch,3.76415,5,0,137.22528
heart,3.56285,5,0,12.37467
heavy,3.74384,5,0,79.88672
hence,3.69460,5,0,36.77999
hertz,3.73607,5,0,31.09933
hided,3.76371,5,0,87.60435
hikes,3.70108,5,0,42.46916
hippo,3.84622,5,0,325.22931
holds,3.65356,5,0,102.18243
honor,3.70194,5,0,120.43713
hoped,3.65140,5,0,32.60611
hopes,3.64968,5,0,20.46077
horns,3.60043,5,0,55.77490
hoser,3.59827,5,0,23.35688
hotel,3.58575,5,0,20.75841
hours,3.63801,5,0,172.12733
humph,3.90756,5,0,305.03850
husky,3.77451,5,0,316.18536
ideas,3.68639,5,0,60.19488
idler,3.60994,5,0,53.97452
idols,3.63585,5,0,151.20211
iller,3.70756,5,0,71.37628
imbue,3.73132,5,0,137.67663
indie,3.74600,5,0,163.04460
ionic,3.77970,5,0,298.44892
jiffy,4.04147,5,0,812.83440
kappa,3.97365,5,1,850.35804
knock,3.84233,5,0,212.53973
lamer,3.59050,5,0,15.31682
lands,3.60994,5,0,58.50778
lated,3.56242,5,0,14.30167
lathe,3.57279,5,0,7.26434
laugh,3.67559,5,0,147.30568
leech,3.71102,5,0,106.62930
level,3.87516,5,0,169.36801
limed,3.62505,5,0,90.06489
lists,3.73089,5,0,254.09994
lofts,3.65356,5,0,109.73290
looks,3.77235,5,0,277.27270
lovey,3.69892,5,0,44.71726
lucid,3.64968,5,0,211.26799
lurch,3.64838,5,0,131.33446
lymph,3.73823,5,0,141.02631
madam,3.90756,5,0,235.66423
mange,3.63456,5,0,19.91306
mango,3.66911,5,0,61.64349
manly,3.62203,5,0,151.88416
maser,3.58056,5,0,18.78588
masks,3.85227,5,0,145.39176
meals,3.60389,5,0,41.83840
meats,3.58488,5,0,32.16560
media,3.66177,5,0,104.76187
melts,3.61080,5,0,61.98046
merry,3.75119,5,0,158.22475
miked,3.71274,5,0,147.10032
minds,3.67732,5,0,144.58262
minus,3.66652,5,0,226.57344
mixes,3.77235,5,0,104.60878
modal,3.61641,5,0,124.37792
molds,3.65400,5,0,114.87641
monks,3.70497,5,0,131.06940
moped,3.65659,5,0,42.38425
moron,3.72959,5,0,172.24605
motto,3.88207,5,0,262.46600
moves,3.72441,5,0,32.93817
mower,3.66955,5,0,49.11130
muled,3.63067,5,0,59.14890
munch,3.70410,5,0,234.36620
muted,3.63758,5,0,27.87479
muter,3.60734,5,0,20.93715
myrrh,3.82073,5,0,139.65830
naked,3.66566,5,0,23.54671
natal,3.67689,5,0,148.42549
nerdy,3.64449,5,0,29.43208
newer,3.71274,5,0,44.95496
niche,3.64233,5,0,68.50951
night,3.69071,5,0,136.16558
nitro,3.60086,5,0,55.74155
nobly,3.66393,5,0,134.04621
norms,3.62981,5,0,46.20881
notch,3.63758,5,0,94.42368
nurse,3.58920,5,0,25.17872
nymph,3.76631,5,0,175.91333
ocher,3.66048,5,0,31.11742
odder,3.76242,5,0,115.11434
offer,3.81598,5,0,136.74861
older,3.59438,5,0,43.94182
omega,3.73348,5,0,53.88183
oozed,3.87473,5,0,180.73506
organ,3.60691,5,0,68.42734
outed,3.63240,5,0,29.05080
ovary,3.72786,5,0,53.56433
ovine,3.70497,5,0,115.65412
oxide,3.77624,5,0,226.07676
pairs,3.59525,5,0,43.13553
panel,3.56458,5,0,14.88157
pansy,3.60864,5,0,75.88241
pared,3.58315,5,0,20.09810
parks,3.66350,5,0,32.62969
paste,3.55464,5,0,19.09900
pated,3.60432,5,0,15.38342
patsy,3.61210,5,0,67.64717
pawed,3.67041,5,0,16.89455
peach,3.62851,5,0,34.47683
penal,3.57754,5,0,32.63869
penne,3.80043,5,0,61.06365
petal,3.56631,5,0,39.33753
petty,3.76847,5,0,106.05007
piggy,3.85616,5,0,266.32147
pitch,3.63413,5,0,78.14207
plaid,3.59179,5,0,91.42808
playa,3.76069,5,0,235.77596
plunk,3.68596,5,0,204.15602
pored,3.57797,5,0,29.46581
pores,3.56847,5,0,13.56821
ports,3.58013,5,0,24.04627
poses,3.74341,5,0,48.16012
pouch,3.67387,5,0,127.33009
preen,3.65184,5,0,50.20481
prime,3.59136,5,0,40.11837
print,3.54644,5,0,50.70814
probe,3.60778,5,0,29.28520
prong,3.63283,5,0,61.44485
prove,3.65356,5,0,39.84474
prune,3.59179,5,0,28.86126
pudgy,3.75680,5,0,180.41820
puppy,4.05140,5,3,6537.56187
slats,3.68812,5,0,117.40315
slimy,3.62721,5,0,251.07679
slunk,3.66479,5,0,191.97781
slyer,3.60346,5,0,15.59712
small,3.71577,5,0,150.76083
smile,3.57106,5,0,42.17977
smith,3.64060,5,0,110.24916
snack,3.66091,5,0,58.97458
snake,3.62549,5,0,14.68943
snaky,3.68207,5,0,99.92454
snarl,3.57538,5,0,32.23532
snide,3.59266,5,0,64.84830
snore,3.54125,5,0,15.57888
snowy,3.68078,5,0,117.26302
soapy,3.63024,5,0,49.76721
soggy,3.82592,5,0,312.66904
sorry,3.70972,5,0,173.92166
soupy,3.66739,5,0,116.96250
spans,3.73650,5,0,120.97977
spend,3.64752,5,0,45.78446
spier,3.57495,5,0,18.64121
spins,3.73305,5,0,237.99827
spray,3.62462,5,0,26.78800
spree,3.64147,5,0,38.70075
spurt,3.58963,5,0,75.18205
stack,3.65788,5,0,50.54038
stage,3.58963,5,0,9.93444
staid,3.58402,5,0,53.06241
stair,3.54687,5,0,32.04710
stank,3.63585,5,0,56.99870
stats,3.84276,5,0,221.98123
sting,3.63197,5,0,105.42727
stone,3.55508,5,0,13.98515
stood,3.72095,5,0,218.48270
strum,3.63067,5,0,74.01433
stump,3.69028,5,0,80.81123
stuns,3.77106,5,0,308.02055
sunny,3.78445,5,0,462.26968
synth,3.67603,5,0,176.34196
taint,3.65745,5,0,162.85065
tasks,3.78661,5,0,125.15731
tears,3.53434,5,0,10.92847
teary,3.57235,5,0,17.07935
teens,3.66825,5,0,57.60154
temps,3.66652,5,0,29.18447
tenet,3.73650,5,0,44.08329
tepee,3.81814,5,0,55.68292
texas,3.73218,5,0,39.68236
theft,3.79870,5,0,88.89790
thins,3.61425,5,0,130.07913
thyme,3.68596,5,0,24.10045
tided,3.72181,5,0,43.33487
tiger,3.58963,5,0,19.42163
tiles,3.56112,5,0,13.08055
times,3.60086,5,0,15.13800
tined,3.57840,5,0,26.79752
tires,3.56501,5,0,13.32868
titer,3.68467,5,0,38.06645
title,3.67646,5,0,41.27202
today,3.65227,5,0,44.02838
token,3.65443,5,0,21.83782
toned,3.56933,5,0,18.63803
toner,3.54730,5,0,14.11159
toons,3.68078,5,0,141.35073
touch,3.62808,5,0,129.93225
train,3.51447,5,0,32.81761
trawl,3.61641,5,0,17.12314
treed,3.63931,5,0,29.32131
trick,3.63758,5,0,48.62053
truce,3.54730,5,0,19.37808
trump,3.64622,5,0,52.83047
tubal,3.62419,5,0,74.06242
tunes,3.60000,5,0,14.46385
twain,3.62937,5,0,53.01876
tweed,3.74428,5,0,29.85148
twill,3.75508,5,0,196.30654
uncle,3.61598,5,0,31.29688
undue,3.81253,5,0,180.02069
unity,3.68855,5,0,262.96253
upped,3.81771,5,0,60.04268
upper,3.79438,5,0,58.59236
urges,3.65184,5,0,26.97907
usage,3.69244,5,0,46.92011
usurp,3.81771,5,0,208.12997
venom,3.73823,5,0,73.27509
vexer,3.89028,5,0,119.07314
vined,3.67387,5,0,62.08380
viral,3.65918,5,0,40.97740
vised,3.69503,5,0,41.17663
visit,3.82160,5,0,165.74691
vomit,3.70151,5,0,123.00583
waded,3.79957,5,0,34.68985
wagon,3.69676,5,0,61.24211
walks,3.73045,5,0,58.31717
warns,3.64104,5,0,24.85660
wasps,3.82462,5,0,86.98913
wedge,3.78402,5,0,58.87699
weird,3.64406,5,0,45.55993
wells,3.78618,5,0,105.30742
whelp,3.70626,5,0,65.86568
whisk,3.75508,5,0,156.26131
widen,3.65788,5,0,45.04125
wides,3.67819,5,0,31.90966
wifed,3.72397,5,0,60.58880
wills,3.77149,5,0,226.01844
wiped,3.67948,5,0,43.57108
wised,3.67559,5,0,32.49385
wives,3.75464,5,0,55.52028
women,3.67084,5,0,47.73944
wooly,3.79352,5,0,322.44517
wried,3.62203,5,0,56.71457
xerox,3.90842,5,0,227.81984
yummy,4.01685,6,5,11277.91807
abled,3.63585,5,0,25.21306
abler,3.61037,5,0,18.36863
above,3.71663,5,0,24.81799
acids,3.66695,5,0,80.12761
adept,3.64276,5,0,32.74619
adopt,3.64492,5,0,36.99961
adzed,3.92225,5,0,75.52567
agave,3.83110,5,0,95.63861
ahead,3.74341,5,0,103.32002
aides,3.61857,5,0,43.94656
airer,3.68121,5,0,39.05360
algae,3.69374,5,0,56.94450
alien,3.53737,5,0,53.17870
alive,3.64752,5,0,28.98393
alley,3.72484,5,0,62.93190
alloy,3.74125,5,0,539.67128
aphid,3.69417,5,0,110.57628
arced,3.56285,5,0,17.52102
arena,3.67775,5,0,42.03351
armed,3.59438,5,0,37.62895
array,3.83326,5,0,268.50719
avail,3.76976,5,0,187.46302
awful,3.77754,5,0,128.06408
badge,3.65529,5,0,28.77202
bagel,3.61296,5,0,24.04775
baker,3.67646,5,0,26.54488
baler,3.58920,5,0,16.66727
banal,3.70670,5,0,153.32607
baron,3.57711,5,0,41.79102
basks,3.84881,5,0,126.98713
beans,3.60994,5,0,27.99840
beers,3.70108,5,0,36.08040
begin,3.66782,5,0,112.54564
belly,3.77797,5,0,196.05545
bilge,3.63326,5,0,52.12251
birch,3.65270,5,0,85.44512
biter,3.59482,5,0,19.63450
blade,3.57451,5,0,22.50546
bland,3.61210,5,0,64.03311
bleed,3.69330,5,0,54.08606
bling,3.67041,5,0,128.16559
bloom,3.75940,5,0,208.45615
bombs,3.83197,5,0,189.40376
booth,3.75162,5,0,188.51755
bored,3.59870,5,0,30.54691
borne,3.57063,5,0,20.30162
bossy,3.80173,5,0,285.42094
bread,3.60432,5,0,25.72002
briar,3.70929,5,0,66.28568
briny,3.63413,5,0,109.21926
brute,3.59352,5,0,21.13573
buddy,3.88164,5,1,1183.47127
caved,3.67343,5,0,24.31987
caver,3.64017,5,0,27.30618
cawed,3.65745,5,0,20.55215
cedar,3.55551,5,0,29.05301
cells,3.72095,5,0,81.22772
chant,3.58488,5,0,59.85209
chasm,3.63801,5,0,85.23769
chick,3.89417,5,0,289.99677
chomp,3.69460,5,0,76.51497
chugs,3.72181,5,0,188.01507
clack,3.79827,5,0,161.45873
clasp,3.58315,5,0,41.63526
clean,3.55508,5,0,35.57737
click,3.80346,5,0,298.26729
clued,3.60302,5,0,28.59326
clung,3.65918,5,0,186.28015
coder,3.57581,5,0,21.50723
coins,3.58099,5,0,77.60152
colts,3.58099,5,0,38.60237
combo,3.80432,5,0,198.65202
conic,3.76458,5,0,283.69843
coven,3.65227,5,0,38.78921
cowed,3.66263,5,0,31.78624
crane,3.52138,5,0,11.79534
craps,3.58531,5,0,18.72446
crate,3.49590,5,0,8.33615
crazy,3.74168,5,0,59.98830
crept,3.55940,5,0,16.32789
cress,3.72613,5,0,44.41911
crisp,3.58315,5,0,35.92647
crony,3.60043,5,0,79.50013
crown,3.62851,5,0,60.42551
crypt,3.63413,5,0,35.48252
cubic,3.83197,5,0,364.79289
dairy,3.61771,5,0,103.87852
darer,3.67603,5,0,21.84115
dares,3.57840,5,0,15.12901
dated,3.72484,5,0,23.78503
dazed,3.88812,5,0,58.86443
debar,3.59482,5,0,34.49775
decaf,3.68207,5,0,76.25175
defer,3.71145,5,0,93.04570
demur,3.63629,5,0,66.76094
derby,3.66739,5,0,37.16282
dewed,3.90799,5,1,311.36184
diode,3.74125,5,0,232.35576
ditzy,3.77624,5,0,304.45850
doled,3.71361,5,0,115.17572
domed,3.76026,5,0,135.97333
donut,3.60216,5,0,137.03171
dosed,3.73477,5,0,55.98464
doter,3.57235,5,0,14.49269
doubt,3.64795,5,0,88.66157
dozed,3.87991,5,0,166.02824
dread,3.73089,5,0,82.85840
drive,3.62894,5,0,71.60338
drool,3.68985,5,0,201.55973
duels,3.64708,5,0,77.11237
duffs,3.89719,5,0,336.56999
duvet,3.68942,5,0,31.98453
dwarf,3.71922,5,0,44.50455
dwelt,3.66134,5,0,43.86700
eagle,3.67862,5,0,45.55366
earth,3.58920,5,0,12.03069
easer,3.65184,5,0,44.34490
ebook,3.86911,5,0,178.33965
eking,3.75983,5,0,144.39420
elope,3.66825,5,0,58.56256
embed,3.78747,5,0,60.38217
empty,3.72657,5,0,61.42906
ennui,3.87991,5,0,443.18231
extol,3.75983,5,0,60.82365
faced,3.67603,5,0,20.89967
facet,3.61728,5,0,10.91208
fader,3.62419,5,0,48.06258
faked,3.73823,5,0,25.04268
falls,3.75724,5,0,171.12155
fecal,3.63326,5,0,66.52917
femme,3.92009,5,0,177.22499
fibre,3.64060,5,0,52.19228
fifty,3.87862,5,0,781.85833
flare,3.58229,5,0,32.21680
flats,3.62117,5,0,80.42118
flees,3.71274,5,0,59.19473
fling,3.69546,5,0,196.21349
fluff,4.02333,5,1,2112.54167
gamma,3.95335,5,1,752.10516
gloss,3.74903,5,0,224.00965
gonad,3.63326,5,0,96.23717
goose,3.72613,5,0,112.16975
gouge,3.80216,5,0,208.52656
greek,3.73823,5,0,109.95729
groom,3.75940,5,0,210.70878
guide,3.65227,5,0,143.65754
gully,3.82851,5,0,418.27308
happy,3.83067,5,0,241.30355
hedge,3.74514,5,0,47.49156
helix,3.77106,5,0,280.01797
hired,3.59698,5,0,32.16658
hires,3.61037,5,0,16.42419
hissy,3.80648,5,0,488.71020
horde,3.57581,5,0,24.98380
horny,3.63715,5,0,106.74547
house,3.63067,5,0,142.08781
humid,3.73218,5,0,313.24733
hurts,3.63931,5,0,90.60570
hutch,3.82549,5,0,325.10318
idles,3.64104,5,0,44.32131
idyll,3.82592,5,0,597.35776
itchy,3.74816,5,0,159.07524
jenny,3.94082,5,0,268.24056
joist,3.69892,5,0,110.23635
jokes,3.83153,5,0,74.42061
joust,3.72354,5,0,243.42791
jumpy,3.88855,5,0,274.57570
kazoo,3.97495,5,0,272.94523
kings,3.71922,5,0,149.34884
kited,3.67041,5,0,26.93517
kites,3.67430,5,0,21.26282
knack,3.84579,5,0,155.68235
kneel,3.73305,5,0,72.71610
knife,3.72009,5,0,100.35831
koala,3.77451,5,0,168.35574
lanky,3.68467,5,0,157.95026
leaky,3.69158,5,0,106.28409
lemma,3.78099,5,0,137.30197
lifts,3.64449,5,0,158.98613
links,3.67559,5,0,129.30751
lives,3.67689,5,0,34.55734
loath,3.60259,5,0,30.22931
locks,3.68639,5,0,79.79442
lodge,3.60734,5,0,51.53179
logon,3.72829,5,0,247.08372
lotto,3.81944,5,0,278.73534
lunge,3.63931,5,0,62.70691
lupus,3.81555,5,0,253.74989
macho,3.70324,5,0,64.91082
magma,3.95896,5,1,752.40962
melee,3.80562,5,0,160.03023
meter,3.66479,5,0,27.37649
mewed,3.78359,5,0,70.00127
miler,3.56976,5,0,43.44087
mills,3.74471,5,0,340.94994
missy,3.81037,5,0,504.96645
mooed,3.73952,5,0,131.07743
morph,3.65702,5,0,53.05056
mossy,3.80518,5,0,441.14762
muddy,3.91922,5,0,452.80485
nadir,3.58315,5,0,51.31287
named,3.61901,5,0,20.46196
nasty,3.62333,5,0,94.87896
needy,3.76199,5,0,219.08875
ninny,3.96544,5,1,2581.43262
pivot,3.69935,5,0,68.07625
plait,3.53909,5,0,53.34400
plant,3.54730,5,0,43.77994
plead,3.60475,5,0,48.06476
plied,3.58143,5,0,39.91897
plugs,3.66825,5,0,114.42047
plums,3.67257,5,0,102.86520
poles,3.59006,5,0,17.92873
ponds,3.63974,5,0,54.24748
pools,3.70540,5,0,143.18463
potty,3.76803,5,0,156.41846
prick,3.65313,5,0,85.98731
privy,3.71274,5,0,76.75601
props,3.75594,5,0,93.47016
pryer,3.71965,5,0,68.89302
puled,3.61123,5,0,33.62819
pulse,3.58013,5,0,42.12239
punch,3.69028,5,0,180.88396
purer,3.69201,5,0,60.98439
pussy,3.81771,5,0,298.48616
quark,3.84233,5,0,141.67043
queer,3.84579,5,0,227.79026
quill,3.93650,5,0,967.44484
rebut,3.63326,5,0,18.75149
reedy,3.72700,5,0,97.64912
relay,3.60389,5,0,26.48387
renew,3.69590,5,0,38.28198
reset,3.61469,5,0,15.14891
retch,3.60389,5,0,19.13668
reuse,3.64708,5,0,59.67020
rhyme,3.68294,5,0,34.06075
rides,3.59611,5,0,29.25399
rifer,3.73002,5,0,139.81679
rises,3.71793,5,0,73.07486
rived,3.65140,5,0,61.64437
roach,3.58661,5,0,28.62163
robed,3.60389,5,0,32.54033
rocky,3.71663,5,0,85.32671
roost,3.62851,5,0,45.26834
roped,3.59914,5,0,31.62764
roses,3.71447,5,0,57.46685
route,3.57279,5,0,14.35639
rowdy,3.71922,5,0,83.47336
ruder,3.70410,5,0,79.92381
rules,3.60605,5,0,13.00611
rumor,3.73823,5,0,220.22214
sally,3.71404,5,0,211.90220
satyr,3.59395,5,0,20.36548
sauna,3.72959,5,0,199.50314
scare,3.54125,5,0,15.02539
scars,3.72527,5,0,64.44013
scold,3.61987,5,0,60.09800
scour,3.61512,5,0,49.15702
scram,3.62937,5,0,29.20851
screw,3.65659,5,0,16.53962
scuba,3.70842,5,0,94.48967
seeks,3.90886,5,0,262.34910
sever,3.73477,5,0,71.09809
shady,3.67387,5,0,158.13277
shawl,3.66739,5,0,73.62747
shier,3.57797,5,0,28.11129
shiny,3.64708,5,0,322.00796
shown,3.66955,5,0,141.66386
shunt,3.62246,5,0,192.17553
sifts,3.78445,5,0,362.89950
sings,3.77322,5,0,270.80725
sixty,3.76069,5,0,329.89843
skins,3.78920,5,0,299.44700
skyed,3.74125,5,0,46.97398
slack,3.63931,5,0,46.26880
slant,3.51404,5,0,43.05698
slate,3.50756,5,0,8.36553
slave,3.61598,5,0,13.48781
sleep,3.64622,5,0,39.35346
slept,3.57408,5,0,25.75076
slick,3.63456,5,0,86.51659
slobs,3.75292,5,0,172.43743
slued,3.59093,5,0,25.12234
slurp,3.62981,5,0,84.66655
slush,3.76890,5,0,408.70513
smote,3.57581,5,0,41.48786
snail,3.55724,5,0,57.28403
snaps,3.72959,5,0,122.55484
sneer,3.65443,5,0,34.99225
snoop,3.71965,5,0,141.32604
soaps,3.74687,5,0,59.47807
sofas,3.80432,5,0,174.31391
sonar,3.55162,5,0,11.20215
songs,3.74946,5,0,184.97643
souls,3.73391,5,0,340.21858
specs,3.77883,5,0,76.84711
spiky,3.71706,5,0,158.84116
spook,3.80734,5,0,185.44444
squib,3.83456,5,0,310.22962
steed,3.69719,5,0,43.29426
stein,3.59050,5,0,47.11048
stick,3.67041,5,0,75.44156
stink,3.65313,5,0,93.92067
stole,3.52484,5,0,25.43120
stool,3.69460,5,0,247.23436
study,3.69676,5,0,177.72004
stunt,3.73175,5,0,281.18378
super,3.59914,5,0,23.13328
surly,3.64320,5,0,145.09713
swept,3.65918,5,0,26.35832
swims,3.84579,5,0,235.48872
synod,3.65961,5,0,167.71555
tacos,3.59870,5,0,41.52721
taker,3.62592,5,0,12.54903
tally,3.71102,5,0,238.29590
teams,3.58445,5,0,25.59664
techs,3.65227,5,0,60.80958
tells,3.69158,5,0,88.85704
terms,3.60216,5,0,11.93967
terry,3.68769,5,0,40.90424
texts,3.86436,5,0,132.41047
third,3.60994,5,0,71.69882
threw,3.64449,5,0,18.17843
thrum,3.67991,5,0,107.56609
tilde,3.57322,5,0,21.02787
tilts,3.70410,5,0,186.02488
tombs,3.67646,5,0,49.92646
tools,3.68380,5,0,110.83228
tosed,3.60302,5,0,10.83581
total,3.68078,5,0,73.80980
toxin,3.72613,5,0,180.24361
trips,3.57192,5,0,38.74180
truer,3.67257,5,0,30.97822
trust,3.68726,5,0,72.49175
tulip,3.61728,5,0,142.17732
twink,3.71533,5,0,99.90801
udder,3.77927,5,1,282.50415
units,3.62937,5,0,167.13494
until,3.61987,5,0,183.05106
upset,3.62333,5,0,19.31187
urban,3.64060,5,0,44.91255
urned,3.59438,5,0,45.41685
usual,3.80216,5,0,251.43522
verso,3.66825,5,0,25.97575
vests,3.82592,5,0,79.41325
views,3.78661,5,0,77.62458
viola,3.70929,5,0,158.56649
visor,3.67819,5,0,60.22662
vodka,3.80864,5,0,185.89142
wader,3.63801,5,0,19.82105
wager,3.65529,5,0,19.95409
wails,3.63672,5,0,48.72896
waked,3.74903,5,0,24.77440
waltz,3.77365,5,0,127.07672
waxen,3.79525,5,0,42.86327
weeks,3.84795,5,0,124.73901
wench,3.70281,5,0,70.01376
which,3.87819,5,0,285.95249
width,3.71447,5,0,98.95095
wimps,3.74082,5,0,88.41560
windy,3.71102,5,0,168.25395
wispy,3.72786,5,0,109.64423
wooer,3.75205,5,0,76.63944
works,3.73305,5,0,82.23990
worse,3.59654,5,0,17.79629
worst,3.59611,5,0,24.89069
wound,3.70194,5,0,149.86419
write,3.58920,5,0,18.10133
wrong,3.66998,5,0,64.94415
yacht,3.69762,5,0,117.11939
yodel,3.62376,5,0,82.25993
zebra,3.77538,5,0,35.51467
zesty,3.79006,5,0,118.33426
zooms,3.90713,5,0,362.18606
